year,world_pop_total,world_pop_growth_rate_annual,world_food_adequacy_index,world_famine_death_rate,world_disease_death_rate,world_war_death_rate,world_trade_intensity,world_urban_share_proxy,world_tech_capability_index_median,world_tech_capability_index_p90,world_state_capacity_index_median,world_state_capacity_index_p10,competition_fragmentation_index_median,idea_market_integration_index_median,credible_commitment_index_median,relative_factor_price_index_median,media_throughput_index_median,merchant_power_index_median,skilled_migration_in_rate_t,skilled_migration_out_rate_t,migration_rate_t,famine_exposure_share_t,habitable_cell_share_pop_gt_0,habitable_cell_share_pop_gt_small,pop_share_by_lat_band,pop_share_coastal_vs_inland,pop_share_river_proximal,market_access_p10,market_access_median,food_adequacy_p10,food_adequacy_median,travel_cost_index_median,country_pop_median,country_pop_p90,country_pop_top1_share,country_area_median,country_area_p90,country_area_top1_share,control_median,control_p10,founder_state_count,founder_state_share,median_state_age_years,p90_state_age_years,wars_active_count,city_pop_top1,city_pop_top10_sum_share,city_tail_index,famine_wave_count,epidemic_wave_count,major_war_count,election_count,civil_conflict_count,fragmentation_count,mass_migration_count,logistics_capability_index,storage_capability_index,health_capability_index,transport_cost_index,spoilage_kcal,storage_loss_kcal,available_kcal_before_losses,trade_volume_total,trade_volume_long,long_distance_trade_proxy,extraction_index
-5000,24612180.000000,0.000000,0.986390,0.000492,0.008474,0.000000,0.000708,0.025663,0.280112,0.280148,0.677020,0.612871,0.090592,0.182787,0.668199,0.001514,0.373722,0.054262,0.000003,0.000003,0.041226,0.023327,0.107334,0.096919,0.043459|0.386104|0.362322|0.124522|0.064139|0.019498,0.283067,0.410654,0.092881,0.107149,1.000000,1.000000,0.892851,299896.500000,305684.400000,0.020118,531.500000,1143.000000,0.020046,0.800750,0.663690,98,1.000000,0.000000,0.000000,0,0.000000,0.000000,0.000000,3,0,0.000000,0,0,0,2,0.235730,0.779888,0.738553,0.764270,164230.771463,232684.855004,1345904.021598,0.000000,0.000000,0.000000,480046.417211
-4950,32236178.000000,0.002853,0.978731,0.000524,0.008561,0.000000,0.000000,0.023214,0.287044,0.288819,0.871277,0.534274,0.094744,0.203030,0.892786,0.000884,0.417793,0.066656,0.000007,0.000006,0.021269,0.022801,0.160218,0.130106,0.034263|0.385031|0.377793|0.127267|0.056794|0.019388,0.187558,0.531463,0.098645,0.122160,0.916413,1.000000,0.877840,294165.000000,514377.000000,0.028510,566.000000,1144.000000,0.036224,0.979800,0.685740,87,0.844660,50.000000,50.000000,0,673.468750,0.000045,0.520544,43,0,0.000343,0,7,0,20,0.272856,0.592331,0.820678,0.727144,1393.330533,35795.699800,217830.096563,0.000000,0.000000,0.000000,30930641.840384
-4900,37078054.000000,0.002201,0.986891,0.000302,0.008460,0.000000,0.000863,0.023278,0.294002,0.297412,0.878485,0.492177,0.096833,0.203464,0.897285,0.000717,0.412560,0.069575,0.000008,0.000007,0.013109,0.022716,0.175166,0.129621,0.032129|0.386072|0.380873|0.125278|0.056546|0.019377,0.161249,0.570632,0.097123,0.124653,0.959740,1.000000,0.875347,307929.000000,606649.000000,0.032475,532.000000,1144.000000,0.039017,0.948800,0.607000,78,0.702703,100.000000,100.000000,0,459.405243,0.000050,0.763054,47,0,0.000243,0,9,0,11,0.275984,0.600245,0.824892,0.724016,1689.029563,37460.143040,232662.958180,0.000000,0.000000,0.000000,71937271.808353
-4850,42031932.000000,0.002128,0.989800,0.000275,0.008306,0.000000,0.000757,0.023583,0.301145,0.306777,0.881386,0.512952,0.097537,0.208121,0.900203,0.000645,0.408128,0.073312,0.000010,0.000009,0.010200,0.022633,0.186282,0.125358,0.030453|0.387807|0.381292|0.124384|0.056857|0.019364,0.156454,0.587467,0.095354,0.127094,0.980690,1.000000,0.872906,316281.000000,722838.400000,0.030142,514.000000,1143.600000,0.041074,0.952500,0.630360,74,0.643478,150.000000,150.000000,0,4937.005859,0.000204,0.508640,49,0,0.000214,0,6,0,10,0.279658,0.607040,0.829400,0.720342,2208.730091,32179.976678,197796.591523,0.000000,0.000000,0.000000,114396246.914758
-4800,47351123.000000,0.002097,0.996234,0.000067,0.008325,0.000000,0.000000,0.023848,0.308970,0.316264,0.883787,0.434042,0.098252,0.210110,0.903112,0.000552,0.404381,0.074648,0.000012,0.000011,0.003766,0.022540,0.198532,0.117964,0.027546|0.388586|0.384017|0.123365|0.057260|0.019365,0.155843,0.600479,0.097469,0.129830,1.000000,1.000000,0.870170,366500.000000,864076.400000,0.033005,514.000000,1141.000000,0.039750,0.988800,0.664180,72,0.615385,200.000000,200.000000,0,5506.082520,0.000256,0.332875,54,0,0.000089,0,2,0,12,0.289896,0.622720,0.833282,0.710104,3804.109701,24218.460460,144607.476344,0.000000,0.000000,0.000000,153847162.897464
-4750,53122199.000000,0.002076,0.996527,0.000147,0.008458,0.000000,0.000000,0.024136,0.314463,0.326229,0.884745,0.464335,0.104730,0.207397,0.901942,0.000543,0.403255,0.073404,0.000013,0.000012,0.003473,0.022396,0.206519,0.107064,0.026060|0.389240|0.386728|0.121659|0.057276|0.019221,0.158257,0.609060,0.100070,0.134094,1.000000,1.000000,0.865906,382552.000000,899149.000000,0.034598,502.000000,1083.000000,0.040708,0.988400,0.684400,69,0.570248,250.000000,250.000000,0,6088.893555,0.000306,0.342018,66,0,0.000092,0,4,0,10,0.293164,0.632734,0.833743,0.706835,4145.866916,20297.895722,115389.060157,0.000000,0.000000,0.000000,230106154.436539
-4700,59633542.000000,0.002079,0.999270,0.000006,0.008432,0.000000,0.000626,0.024527,0.322929,0.336828,0.884848,0.456166,0.108490,0.210602,0.901819,0.000487,0.404468,0.075837,0.000014,0.000012,0.000730,0.022268,0.214182,0.098699,0.024687|0.389400|0.389723|0.121218|0.056218|0.019051,0.160006,0.619079,0.103836,0.137901,1.000000,1.000000,0.862099,431171.500000,1035816.800000,0.036394,512.500000,1082.300000,0.040968,0.960750,0.642010,69,0.565574,300.000000,300.000000,0,6442.254395,0.000300,0.256492,70,0,0.000022,0,1,0,15,0.291955,0.622107,0.835304,0.708045,3680.777260,21498.468501,121630.020518,0.000000,0.000000,0.000000,273659099.501302
-4650,66878393.000000,0.002074,0.997498,0.000092,0.008267,0.000000,0.000806,0.024924,0.330213,0.347897,0.887180,0.423041,0.102344,0.210866,0.904854,0.000497,0.406029,0.075382,0.000014,0.000012,0.002502,0.022179,0.220172,0.094706,0.023474|0.388042|0.393425|0.121709|0.054697|0.018915,0.160529,0.630786,0.106371,0.140581,1.000000,1.000000,0.859419,386880.000000,1176329.600000,0.038812,536.500000,1080.900000,0.031026,0.963000,0.655320,69,0.556452,350.000000,350.000000,0,6389.309570,0.000293,0.240827,71,1,0.000084,0,2,0,16,0.295092,0.615801,0.838034,0.704908,2501.226826,18276.013213,100357.914883,0.000000,0.000000,0.000000,323244562.057599
-4600,75188337.000000,0.002086,0.991265,0.000231,0.008206,0.000000,0.001343,0.025322,0.338814,0.358787,0.885950,0.508258,0.141043,0.211562,0.901798,0.000516,0.406085,0.077994,0.000015,0.000013,0.008735,0.022054,0.226000,0.092602,0.022808|0.388938|0.396562|0.120489|0.052775|0.018805,0.161264,0.639229,0.111517,0.144327,0.973154,1.000000,0.855673,496381.500000,1338112.000000,0.040980,554.500000,1078.500000,0.030458,0.964000,0.700050,68,0.539683,400.000000,400.000000,0,6435.642090,0.000303,0.298756,78,0,0.000328,0,3,0,12,0.300469,0.611140,0.839103,0.699531,2424.825939,30674.377555,181456.474868,0.000000,0.000000,0.000000,385447732.315106
-4550,83996149.000000,0.002054,0.992467,0.000275,0.008326,0.000000,0.000000,0.025789,0.347356,0.369350,0.889267,0.435858,0.141170,0.212409,0.905863,0.000467,0.406833,0.078872,0.000015,0.000013,0.007533,0.021972,0.230155,0.089580,0.022080|0.385222|0.403207|0.119965|0.051219|0.018714,0.161144,0.649279,0.113863,0.146797,0.974726,1.000000,0.853203,495987.000000,1505110.000000,0.042966,538.000000,1078.800000,0.030293,0.991100,0.700380,67,0.527559,450.000000,450.000000,0,6515.584473,0.000314,0.255156,101,0,0.000316,0,1,0,17,0.309384,0.618321,0.840363,0.690616,2788.400498,22560.968397,123920.444489,0.000000,0.000000,0.000000,437035536.689463
-4500,92987820.000000,0.002036,0.995908,0.000064,0.008415,0.000000,0.000992,0.026402,0.355985,0.381532,0.888980,0.408328,0.150703,0.214667,0.905099,0.000492,0.407978,0.081861,0.000014,0.000013,0.004092,0.021778,0.235227,0.091738,0.021458|0.380292|0.408733|0.120832|0.050464|0.018634,0.163274,0.655458,0.114482,0.152679,1.000000,1.000000,0.847321,487023.000000,1728853.400000,0.044142,552.000000,1156.800000,0.029492,0.965500,0.646980,66,0.511628,500.000000,500.000000,0,8516.152344,0.000331,0.233520,126,1,0.000190,0,2,0,18,0.306246,0.615938,0.840631,0.693754,3064.542111,24254.554782,134378.059195,0.000000,0.000000,0.000000,492470049.809710
-4450,102823735.000000,0.002013,0.991388,0.000295,0.008319,0.000000,0.000831,0.027076,0.365228,0.393552,0.889917,0.392864,0.139983,0.214502,0.907166,0.000476,0.409244,0.081580,0.000015,0.000013,0.008612,0.021689,0.239329,0.092170,0.020950|0.374825|0.412822|0.123353|0.049969|0.018555,0.166577,0.656536,0.117069,0.155412,0.967802,1.000000,0.844588,551828.000000,2001612.800000,0.046625,561.000000,1148.800000,0.029216,0.970000,0.634600,66,0.511628,550.000000,550.000000,0,9704.180664,0.000332,0.233851,135,0,0.000443,0,0,0,22,0.309503,0.615517,0.842704,0.690497,2787.737461,25937.932557,143945.191492,0.000000,0.000000,0.000000,550176220.882925
-4400,111929974.000000,0.001699,0.979482,0.000615,0.008228,0.000000,0.001246,0.027904,0.374705,0.406354,0.887860,0.387146,0.108237,0.214162,0.905541,0.000457,0.408668,0.078396,0.000015,0.000014,0.020518,0.021647,0.241919,0.095462,0.020633|0.361171|0.423504|0.127052|0.049940|0.018489,0.172805,0.660096,0.116808,0.156699,0.912798,1.000000,0.843301,530188.000000,2194113.200000,0.042215,561.000000,1150.600000,0.029014,0.968500,0.629740,66,0.511628,600.000000,600.000000,0,10386.955078,0.000319,0.229350,149,0,0.001148,0,0,0,23,0.312164,0.598599,0.843149,0.687836,1236.218755,25570.920376,141179.079616,0.000000,0.000000,0.000000,611292490.870558
-4350,121705612.000000,0.001676,0.949264,0.001789,0.008311,0.000000,0.003380,0.028796,0.382274,0.418171,0.884941,0.396778,0.137294,0.213422,0.898690,0.000432,0.407850,0.078842,0.000017,0.000014,0.050736,0.021566,0.243646,0.099077,0.020393|0.345958|0.436087|0.131433|0.048786|0.018437,0.176517,0.662004,0.118815,0.159191,0.840818,1.000000,0.840809,601867.000000,2399867.000000,0.036221,561.000000,1164.000000,0.028812,0.970900,0.639200,63,0.480916,610.000000,650.000000,0,10293.167969,0.000311,0.230660,153,0,0.003087,0,2,0,31,0.314894,0.593229,0.843679,0.685106,623.214659,25747.047912,142462.710680,0.000000,0.000000,0.000000,675358267.974247
-4300,133645909.000000,0.001874,0.950515,0.001734,0.008433,0.000000,0.001127,0.029691,0.390074,0.430612,0.887750,0.437213,0.140746,0.217426,0.902618,0.000397,0.410104,0.085138,0.000017,0.000015,0.049485,0.021523,0.245103,0.101560,0.020163|0.334811|0.445859|0.135079|0.047108|0.018392,0.177929,0.666440,0.121641,0.160518,0.842681,1.000000,0.839482,569570.000000,2598343.000000,0.036658,565.000000,1138.200000,0.028595,0.971900,0.649040,62,0.466165,655.000000,700.000000,0,10099.764648,0.000300,0.297353,145,0,0.003307,0,2,0,29,0.317617,0.595504,0.844713,0.682383,662.337354,28101.207891,155748.359772,0.000000,0.000000,0.000000,740061856.026930
-4250,146325197.000000,0.001814,0.955425,0.001345,0.008418,0.000000,0.001081,0.030726,0.400142,0.443822,0.890583,0.420750,0.158818,0.216934,0.907124,0.000438,0.410874,0.084489,0.000016,0.000014,0.044575,0.021468,0.246344,0.101937,0.020022|0.321388|0.457322|0.138879|0.045019|0.018343,0.180855,0.672685,0.123348,0.162244,0.839545,1.000000,0.837756,634005.000000,2969688.800000,0.034325,566.000000,1139.800000,0.028363,0.971600,0.634460,62,0.466165,705.000000,750.000000,0,9363.707031,0.000282,0.279883,170,0,0.003261,0,0,0,20,0.321306,0.597829,0.847310,0.678694,2184.588985,32115.450211,181174.906893,0.000000,0.000000,0.000000,804846565.172132
-4200,158172952.000000,0.001558,0.966345,0.000777,0.008294,0.000000,0.001046,0.031879,0.408408,0.457353,0.889147,0.408798,0.116295,0.217099,0.902781,0.000372,0.411172,0.083943,0.000016,0.000015,0.033655,0.021344,0.247855,0.104420,0.019846|0.298234|0.475444|0.143970|0.045128|0.018268,0.183572,0.678031,0.125475,0.166069,0.868886,1.000000,0.833931,667108.000000,3066052.400000,0.029808,582.000000,1139.800000,0.028173,0.972300,0.660680,62,0.466165,755.000000,800.000000,0,10031.282227,0.000284,0.240840,180,0,0.002662,0,0,0,42,0.324058,0.603345,0.846274,0.675942,3546.618821,35682.908140,203717.042073,0.000000,0.000000,0.000000,871180698.733812
-4150,172870108.000000,0.001779,0.972210,0.000470,0.008292,0.000000,0.000910,0.032769,0.416626,0.471508,0.885527,0.402037,0.145004,0.217519,0.901101,0.000426,0.411375,0.086651,0.000017,0.000015,0.027790,0.021312,0.251740,0.113378,0.019633|0.281564|0.487201|0.149284|0.044635|0.018263,0.187249,0.682574,0.127273,0.167079,0.891891,1.000000,0.832921,603165.000000,3447317.000000,0.031546,606.500000,1202.500000,0.030446,0.971050,0.598950,61,0.448529,797.500000,850.000000,0,11074.715820,0.000273,0.375886,172,0,0.002402,0,3,0,42,0.325702,0.599092,0.847605,0.674298,4447.799037,39646.683277,226276.368582,0.000000,0.000000,0.000000,944200413.711204
-4100,188185414.000000,0.001699,0.966832,0.000897,0.008438,0.000000,0.000817,0.034155,0.426009,0.482068,0.885336,0.401857,0.142278,0.217109,0.901175,0.000459,0.410572,0.085472,0.000017,0.000017,0.033168,0.021230,0.256219,0.115320,0.019479|0.261777|0.502481|0.155458|0.042939|0.018284,0.187219,0.692867,0.129600,0.169654,0.884025,1.000000,0.830346,626878.000000,3886853.400000,0.032814,597.000000,1199.000000,0.030366,0.973800,0.598020,60,0.437956,840.000000,900.000000,0,12198.628906,0.000266,0.367913,175,0,0.003121,0,1,0,45,0.328280,0.597015,0.846448,0.671720,3091.246620,40441.900369,232748.204054,0.000000,0.000000,0.000000,1071101485.720619
-4050,206165578.000000,0.001827,0.957824,0.000947,0.008488,0.000000,0.000000,0.035713,0.425944,0.495549,0.887693,0.405849,0.144383,0.218216,0.902344,0.000437,0.411044,0.085538,0.000017,0.000016,0.042176,0.021168,0.259565,0.116561,0.019352|0.245382|0.516643|0.159678|0.041058|0.018317,0.187448,0.701208,0.132105,0.171580,0.852383,1.000000,0.828419,577870.500000,4370985.000000,0.035522,544.500000,1220.100000,0.030098,0.990550,0.660180,60,0.428571,887.500000,950.000000,0,12621.476562,0.000247,0.369958,181,1,0.004348,0,4,0,42,0.332180,0.596202,0.846951,0.667820,4523.846689,44087.216810,255168.339854,0.000000,0.000000,0.000000,1147021657.821708
-4000,224543130.000000,0.001709,0.965204,0.000888,0.008372,0.000000,0.000682,0.037417,0.433286,0.510837,0.886697,0.414906,0.185070,0.217165,0.901525,0.000406,0.411939,0.085037,0.000017,0.000016,0.034796,0.021127,0.260321,0.115698,0.019276|0.225562|0.532867|0.165001|0.039290|0.018351,0.187907,0.707942,0.132499,0.172876,0.865808,1.000000,0.827124,582981.000000,4666615.100000,0.037491,544.500000,1216.600000,0.029751,0.972600,0.590800,59,0.415493,932.500000,1000.000000,0,14923.847656,0.000245,0.412399,187,0,0.003907,0,2,0,40,0.331306,0.599036,0.847518,0.668694,8128.064811,50303.900905,298047.146087,0.000000,0.000000,0.000000,1229472731.535932
-3950,246581679.000000,0.001874,0.985106,0.000269,0.008316,0.000000,0.000833,0.039278,0.441534,0.521259,0.887384,0.415130,0.182725,0.219429,0.903277,0.000381,0.411737,0.086761,0.000017,0.000016,0.014894,0.021042,0.262047,0.117317,0.019163|0.210339|0.545678|0.168350|0.038501|0.018311,0.183862,0.719222,0.129087,0.175567,0.945532,1.000000,0.824433,500671.000000,5067699.500000,0.039145,519.500000,1220.500000,0.029455,0.974400,0.609500,57,0.390411,977.500000,1050.000000,0,15441.825195,0.000225,0.408007,202,0,0.001836,0,4,0,51,0.335261,0.613681,0.847565,0.664739,15045.516107,60956.417705,367209.939171,0.000000,0.000000,0.000000,1429914267.137229
-3900,271049866.000000,0.001894,0.990002,0.000234,0.008432,0.000000,0.001159,0.041762,0.450076,0.535095,0.889972,0.434531,0.184966,0.219907,0.907745,0.000356,0.413448,0.088363,0.000017,0.000016,0.009998,0.020989,0.263181,0.119422,0.019032|0.195964|0.557711|0.172551|0.036829|0.018250,0.185673,0.724403,0.125397,0.177238,0.958132,1.000000,0.822762,501312.000000,5653282.000000,0.040946,576.500000,1213.700000,0.023579,0.977800,0.609340,57,0.380000,1025.000000,1100.000000,0,18162.066406,0.000218,0.575632,205,2,0.001355,0,4,0,49,0.337478,0.621100,0.849683,0.662522,17013.151785,66925.826529,408592.547524,0.000000,0.000000,0.000000,1525083188.994426
-3850,296369407.000000,0.001788,0.986852,0.000397,0.008554,0.000000,0.001038,0.044770,0.457076,0.548059,0.886933,0.416527,0.185762,0.220926,0.905003,0.000340,0.412760,0.088163,0.000018,0.000017,0.013148,0.020839,0.264530,0.119961,0.018926|0.178313|0.571906|0.176865|0.036093|0.018198,0.189614,0.726289,0.128937,0.182024,0.960669,1.000000,0.817976,540464.000000,6365013.000000,0.043181,559.000000,1213.000000,0.023432,0.978100,0.598900,57,0.377483,1075.000000,1150.000000,0,21199.847656,0.000221,0.703104,210,0,0.001948,0,1,0,44,0.339878,0.610527,0.848976,0.660122,12620.558792,68593.862456,414537.248140,0.000000,0.000000,0.000000,1602389285.814867
-3800,324791982.000000,0.001833,0.985652,0.000250,0.008493,0.000000,0.001036,0.048366,0.463011,0.563975,0.888677,0.451907,0.183839,0.222391,0.902155,0.000353,0.414021,0.089677,0.000018,0.000017,0.014348,0.020782,0.265771,0.120555,0.018852|0.165345|0.583881|0.179518|0.034518|0.018170,0.189406,0.732116,0.132263,0.183836,0.951593,1.000000,0.816164,517627.000000,6876922.000000,0.044786,559.000000,1213.000000,0.022090,0.977300,0.637200,57,0.377483,1125.000000,1200.000000,0,1325290.000000,0.004302,0.526568,212,0,0.002330,0,0,0,49,0.342056,0.607620,0.850738,0.657944,11714.768020,73437.513236,443700.878004,0.000000,0.000000,0.000000,1679805596.417953
-3750,359984622.000000,0.002060,0.981341,0.000445,0.008367,0.000000,0.000000,0.051560,0.471186,0.578232,0.889559,0.435858,0.184979,0.223573,0.901601,0.000331,0.415648,0.090823,0.000019,0.000017,0.018659,0.020715,0.266472,0.121202,0.018772|0.155611|0.591235|0.182665|0.033850|0.018143,0.191347,0.735129,0.134882,0.185991,0.917352,1.000000,0.814010,545368.500000,7937548.800000,0.046019,536.500000,1209.600000,0.022052,0.991950,0.662200,56,0.368421,1155.000000,1250.000000,0,1464423.250000,0.004280,0.616502,199,0,0.003359,0,1,0,37,0.348366,0.608266,0.853111,0.651634,10192.879585,78212.495135,477214.170967,0.000000,0.000000,0.000000,1762074500.600856
-3700,395878648.000000,0.001903,0.984522,0.000443,0.008466,0.000000,0.001162,0.056403,0.479530,0.594917,0.887866,0.468527,0.185512,0.224186,0.904165,0.000298,0.414944,0.091584,0.000020,0.000017,0.015478,0.020634,0.268847,0.124170,0.018725|0.142654|0.600777|0.187461|0.032521|0.018118,0.194080,0.738324,0.135423,0.188602,0.937556,1.000000,0.811398,514652.500000,8682927.600000,0.048973,513.500000,1183.300000,0.022200,0.973950,0.658670,55,0.348101,1160.000000,1300.000000,0,1612549.625000,0.004297,0.572276,251,2,0.003064,0,8,0,54,0.345560,0.611428,0.851960,0.654440,15711.528104,87382.601507,546384.105927,0.000000,0.000000,0.000000,1912260867.593608
-3650,435758647.000000,0.001921,0.988705,0.000244,0.008607,0.000000,0.000875,0.061982,0.489714,0.611801,0.891495,0.439738,0.184669,0.225887,0.906972,0.000293,0.416192,0.092086,0.000020,0.000018,0.011295,0.020556,0.270574,0.125789,0.018673|0.131634|0.607522|0.192564|0.031774|0.018096,0.197993,0.739383,0.139498,0.191097,0.959297,1.000000,0.808903,484821.500000,9517737.900000,0.049826,519.500000,1170.800000,0.022316,0.979150,0.688990,53,0.331250,1187.500000,1350.000000,0,1757351.750000,0.004259,0.740749,229,0,0.002461,0,2,0,47,0.348670,0.616821,0.853251,0.651330,14297.149705,94068.267571,587322.361768,0.000000,0.000000,0.000000,2010093471.901195
-3600,474523801.000000,0.001706,0.983893,0.000347,0.008619,0.000700,0.001439,0.068237,0.498001,0.627056,0.891924,0.452121,0.183691,0.226739,0.905879,0.000317,0.416473,0.095727,0.000020,0.000018,0.016107,0.020481,0.271707,0.127354,0.018615|0.123989|0.610226|0.198937|0.030402|0.018075,0.201922,0.739993,0.138577,0.193548,0.931716,1.000000,0.806452,489686.500000,10505855.700000,0.052035,525.500000,1171.200000,0.022577,0.978450,0.668290,53,0.331250,1237.500000,1400.000000,2,1890069.125000,0.004197,0.611885,215,0,0.003821,0,0,0,50,0.352515,0.607807,0.854613,0.647485,10128.406414,96168.538236,600136.038877,0.000000,0.000000,0.000000,2092848907.774558
-3550,515209197.000000,0.001647,0.960348,0.001017,0.008528,0.000700,0.001451,0.073844,0.506703,0.646240,0.891432,0.502225,0.199389,0.228332,0.903061,0.000308,0.417453,0.097953,0.000021,0.000018,0.039652,0.020366,0.272247,0.128218,0.018547|0.114507|0.614795|0.204619|0.029702|0.018060,0.206623,0.739755,0.142637,0.197296,0.868612,1.000000,0.802704,514949.000000,11930585.900000,0.053589,525.500000,1171.200000,0.022895,0.977850,0.686680,53,0.331250,1287.500000,1450.000000,2,1922150.625000,0.003940,0.561543,245,0,0.010215,0,0,0,49,0.356656,0.602751,0.855549,0.643344,4742.338763,99844.672514,613200.705650,0.000000,0.000000,0.000000,2177670345.016875
-3500,555781230.000000,0.001517,0.924634,0.001367,0.008515,0.000700,0.000000,0.080666,0.515324,0.659995,0.888300,0.439465,0.199999,0.228004,0.899377,0.000286,0.416706,0.096993,0.000022,0.000019,0.075366,0.020320,0.273110,0.129944,0.018505|0.106026|0.620029|0.209253|0.028388|0.018045,0.212546,0.737934,0.138421,0.198792,0.802790,0.953259,0.801208,520111.500000,13029106.200000,0.055540,519.500000,1164.100000,0.023151,0.991850,0.777580,53,0.327160,1320.000000,1500.000000,2,1936146.500000,0.003680,0.678362,243,0,0.020944,0,2,0,62,0.361415,0.600696,0.857694,0.638585,3449.650781,97600.619259,610854.434668,0.000000,0.000000,0.000000,2280871929.915437
-3450,604610469.000000,0.001686,0.931018,0.001465,0.008658,0.000000,0.001138,0.085950,0.522222,0.677556,0.894102,0.500530,0.205523,0.229484,0.904712,0.000285,0.417582,0.102589,0.000022,0.000019,0.068982,0.020233,0.274351,0.132211,0.018463|0.100441|0.622171|0.213252|0.027862|0.018029,0.210340,0.743148,0.141563,0.201650,0.795936,0.968323,0.798350,508124.000000,14020092.800000,0.059039,526.000000,1160.600000,0.022973,0.980800,0.764400,53,0.325153,1370.000000,1550.000000,0,1952757.000000,0.003416,0.707625,237,0,0.020854,0,1,0,56,0.360050,0.601747,0.858288,0.639950,5316.586882,108315.118009,676011.449044,0.000000,0.000000,0.000000,2380291163.241040
-3400,642040721.000000,0.001202,0.949173,0.001143,0.008767,0.000000,0.000000,0.091422,0.531451,0.696486,0.890071,0.467612,0.225523,0.230283,0.904845,0.000326,0.418050,0.101711,0.000021,0.000019,0.050827,0.020149,0.278992,0.137176,0.018435|0.095783|0.618521|0.222072|0.027386|0.018019,0.211186,0.744155,0.140927,0.204411,0.832658,1.000000,0.795589,486225.000000,13287563.500000,0.061765,519.500000,1144.500000,0.022754,0.992250,0.742000,51,0.307229,1377.500000,1600.000000,0,1940773.125000,0.004482,0.586468,250,0,0.016316,0,3,0,48,0.365741,0.604969,0.857518,0.634259,10489.678104,131868.667503,821381.469282,0.000000,0.000000,0.000000,2521475058.065469
-3350,698154716.000000,0.001677,0.959842,0.001072,0.008683,0.000000,0.000000,0.101263,0.540445,0.713193,0.892918,0.439045,0.206199,0.229917,0.906970,0.000313,0.418616,0.096930,0.000021,0.000019,0.040158,0.020091,0.279909,0.137230,0.018395|0.091286|0.620440|0.225166|0.026920|0.018007,0.213202,0.745043,0.142747,0.206324,0.869941,1.000000,0.793676,535007.000000,14299291.400000,0.064850,514.000000,1139.600000,0.023023,0.992300,0.724220,51,0.305389,1425.000000,1650.000000,0,1941851.000000,0.003729,0.604453,228,0,0.014018,0,1,0,39,0.367327,0.605550,0.857572,0.632673,17866.588703,137927.865524,894746.235462,0.000000,0.000000,0.000000,2627752970.899295
-3300,756519362.000000,0.001607,0.943915,0.001167,0.008639,0.000700,0.001171,0.111617,0.548519,0.730583,0.890367,0.430209,0.237291,0.230025,0.901204,0.000313,0.417912,0.099087,0.000021,0.000019,0.056085,0.020052,0.281043,0.137499,0.018338|0.085470|0.621559|0.230455|0.026377|0.017995,0.214526,0.746322,0.145152,0.207631,0.840303,0.991349,0.792369,496293.000000,15888055.800000,0.066591,520.000000,1139.600000,0.023187,0.982100,0.691480,51,0.305389,1475.000000,1700.000000,2,1931125.125000,0.003165,0.638647,282,0,0.021215,0,0,0,52,0.368362,0.603038,0.859222,0.631638,11737.514341,142343.809382,911379.064558,0.000000,0.000000,0.000000,2728411078.995607
-3250,816600205.000000,0.001530,0.935688,0.001496,0.008758,0.000700,0.001170,0.121915,0.553873,0.749894,0.895899,0.486757,0.228366,0.231531,0.906346,0.000297,0.419549,0.102288,0.000022,0.000020,0.064312,0.020023,0.281960,0.137283,0.018298|0.081534|0.617409|0.238937|0.026019|0.017986,0.218271,0.745165,0.147317,0.208580,0.822574,0.954043,0.791420,506005.000000,17443257.200000,0.069758,530.000000,1139.600000,0.023128,0.985000,0.695900,51,0.305389,1525.000000,1750.000000,2,1929147.125000,0.003722,0.526853,252,0,0.026258,0,0,0,46,0.371194,0.603474,0.860602,0.628806,12077.542203,149496.889654,965375.300126,0.000000,0.000000,0.000000,2829763518.170715
-3200,874860034.000000,0.001379,0.943777,0.001393,0.008916,0.000000,0.001162,0.128916,0.568929,0.764378,0.892584,0.489143,0.238024,0.233305,0.905181,0.000304,0.420135,0.105736,0.000023,0.000020,0.056223,0.019927,0.284280,0.141007,0.018278|0.077776|0.615680|0.244986|0.025482|0.017979,0.218176,0.747636,0.150278,0.211783,0.833679,0.990273,0.788217,612228.000000,19080871.600000,0.069683,540.000000,1175.000000,0.026327,0.983700,0.775780,51,0.305389,1575.000000,1800.000000,0,1964096.500000,0.003793,0.490721,258,0,0.024594,0,1,0,65,0.373872,0.603371,0.859058,0.626128,18133.732876,158375.196530,1039583.732464,0.000000,0.000000,0.000000,3015154514.805670
-3150,936749087.000000,0.001368,0.962397,0.001298,0.008879,0.000000,0.001120,0.131373,0.580128,0.781283,0.896150,0.510164,0.233773,0.236692,0.909746,0.000301,0.421181,0.110065,0.000023,0.000020,0.037603,0.019901,0.286601,0.145486,0.018251|0.075440|0.614616|0.248551|0.025338|0.017975,0.217289,0.749860,0.153350,0.212661,0.868587,1.000000,0.787339,615050.000000,22937636.000000,0.068814,543.000000,1184.400000,0.026021,0.984700,0.777720,50,0.299401,1625.000000,1850.000000,0,1963759.500000,0.003448,0.496249,242,0,0.017612,0,0,0,56,0.375497,0.605015,0.860665,0.624503,30187.226957,179067.536695,1193442.971649,0.000000,0.000000,0.000000,3115846877.091257
-3100,991057572.000000,0.001128,0.976237,0.000724,0.008759,0.000000,0.001660,0.133635,0.585797,0.796552,0.890801,0.504005,0.235624,0.235106,0.904092,0.000313,0.419670,0.111074,0.000023,0.000020,0.023763,0.019885,0.287680,0.146619,0.018235|0.072372|0.615663|0.250794|0.025050|0.017968,0.216053,0.752387,0.154403,0.213191,0.896188,1.000000,0.786809,595199.500000,24130888.100000,0.068026,541.500000,1220.000000,0.025414,0.983700,0.776820,48,0.282353,1650.000000,1900.000000,0,1971468.250000,0.003272,0.501239,263,0,0.011775,0,4,0,73,0.378762,0.608931,0.858916,0.621238,42920.288727,194935.208034,1318472.597203,0.000000,0.000000,0.000000,3496445887.990452
-3050,1044576206.000000,0.001052,0.988149,0.000466,0.008765,0.000000,0.001396,0.135233,0.594447,0.813192,0.890362,0.512644,0.227067,0.235715,0.904137,0.000311,0.421349,0.113061,0.000024,0.000020,0.011851,0.019823,0.290001,0.148076,0.018209|0.068008|0.615418|0.255860|0.024610|0.017960,0.212044,0.758038,0.154735,0.215255,0.947900,1.000000,0.784744,585469.000000,23927139.100000,0.072472,545.500000,1220.000000,0.025232,0.982700,0.772710,47,0.276471,1680.000000,1950.000000,0,1946925.000000,0.003225,0.477333,283,0,0.006190,0,0,0,73,0.380557,0.612319,0.858937,0.619443,41992.143061,205568.379933,1390576.717719,0.000000,0.000000,0.000000,3603579276.119426
-3000,1106230003.000000,0.001148,0.983265,0.000536,0.008916,0.000000,0.001320,0.138216,0.602220,0.831651,0.892273,0.482693,0.232625,0.234770,0.906098,0.000316,0.423376,0.110322,0.000024,0.000021,0.016735,0.645248,0.291134,0.148940,0.018187|0.065749|0.614267|0.259366|0.024539|0.017953,0.209580,0.761241,0.154191,0.215019,0.930090,1.000000,0.784981,606387.000000,24708773.000000,0.076500,545.500000,1178.900000,0.025185,0.983600,0.765120,46,0.267442,1635.000000,2000.000000,0,1933340.000000,0.003082,0.477363,292,0,0.009256,0,2,0,54,0.382938,0.610192,0.860367,0.617062,27413.358997,206880.301699,1381931.863989,0.000000,0.000000,0.000000,3826048236.395975
-2950,1171323238.000000,0.001144,0.978129,0.000854,0.008963,0.000000,0.000000,0.139769,0.610824,0.847688,0.888969,0.455360,0.229193,0.235375,0.900022,0.000303,0.421211,0.106873,0.000025,0.000021,0.021871,0.644750,0.292537,0.149533,0.018176|0.064175|0.611200|0.264061|0.024507|0.017947,0.205725,0.766097,0.156938,0.215534,0.920105,1.000000,0.784466,586094.000000,26184491.800000,0.080455,530.000000,1175.600000,0.025124,0.993100,0.800360,46,0.262857,1660.000000,2050.000000,0,1937218.625000,0.002974,0.504204,285,0,0.012809,0,3,0,59,0.384343,0.607631,0.858848,0.615657,31498.044389,218784.744165,1474154.646434,0.000000,0.000000,0.000000,3953170061.418205
-2900,1256565063.000000,0.001406,0.978492,0.000516,0.008863,0.000000,0.001320,0.146126,0.617464,0.866183,0.890945,0.507874,0.231583,0.237084,0.905271,0.000297,0.422092,0.109697,0.000024,0.000021,0.021508,0.641338,0.294102,0.150505,0.018155|0.061776|0.610813|0.267364|0.024002|0.017941,0.203351,0.769993,0.158827,0.219061,0.916606,1.000000,0.780938,568562.000000,26219552.500000,0.082862,535.000000,1200.000000,0.024778,0.984550,0.777450,46,0.261364,1710.000000,2100.000000,0,1953027.250000,0.002946,0.483498,273,0,0.013513,0,1,0,55,0.385946,0.610505,0.859007,0.614054,35503.386651,238737.725083,1608761.599802,0.000000,0.000000,0.000000,4068278783.288120
-2850,1332282762.000000,0.001171,0.979385,0.000694,0.008796,0.000000,0.001183,0.147968,0.626719,0.883276,0.892241,0.490881,0.204535,0.238545,0.900289,0.000304,0.422152,0.112854,0.000025,0.000021,0.020615,0.639178,0.296746,0.153365,0.018148|0.059277|0.608902|0.272212|0.023581|0.017935,0.199180,0.775858,0.158433,0.221307,0.916957,1.000000,0.778693,530393.500000,26655946.500000,0.086558,527.500000,1192.000000,0.024972,0.984850,0.795740,46,0.258427,1730.000000,2150.000000,0,1978546.000000,0.002923,0.464114,299,0,0.013733,0,2,0,85,0.388603,0.610591,0.862361,0.611397,42364.456137,251522.471148,1716504.604604,0.000000,0.000000,0.000000,4214251108.393784
-2800,1410530594.000000,0.001142,0.983058,0.000792,0.008901,0.000000,0.001345,0.147800,0.636305,0.902261,0.890360,0.518726,0.235151,0.239671,0.902004,0.000293,0.423563,0.115616,0.000024,0.000021,0.016942,0.636439,0.297394,0.155739,0.018122|0.057655|0.608450|0.274316|0.023574|0.017930,0.196053,0.779435,0.161968,0.224164,0.929718,1.000000,0.775837,629514.500000,26549725.700000,0.093002,527.500000,1192.000000,0.026205,0.986250,0.805360,44,0.247191,1725.000000,2200.000000,0,1946064.000000,0.002832,0.463338,278,0,0.011949,0,0,0,67,0.392160,0.613686,0.860819,0.607840,35365.918097,260707.959471,1771961.873999,0.000000,0.000000,0.000000,4330557137.325391
-2750,1492413649.000000,0.001129,0.966692,0.000887,0.009021,0.000000,0.000000,0.151176,0.643162,0.919367,0.886822,0.507919,0.239969,0.239074,0.898417,0.000276,0.423206,0.116243,0.000029,0.000025,0.033308,0.635508,0.298743,0.158221,0.018105|0.054747|0.610660|0.275560|0.023045|0.017924,0.192417,0.784677,0.163398,0.225139,0.889061,1.000000,0.774861,614916.000000,26071892.400000,0.098199,525.000000,1188.000000,0.027665,0.993300,0.795720,44,0.245810,1630.000000,2250.000000,0,1945919.625000,0.002796,0.423177,338,0,0.024855,0,1,0,70,0.396687,0.608405,0.862201,0.603313,17815.181866,257615.217008,1742579.200791,0.000000,0.000000,0.000000,4462012182.828918
-2700,1585016988.000000,0.001205,0.931245,0.001786,0.008942,0.000000,0.002260,0.150150,0.654128,0.940233,0.886016,0.519567,0.240808,0.240185,0.899844,0.000287,0.423151,0.110013,0.000029,0.000026,0.068755,0.632448,0.301009,0.161891,0.018090|0.052528|0.610331|0.278383|0.022792|0.017921,0.188146,0.790319,0.164145,0.228349,0.831883,0.952803,0.771651,603207.000000,27246761.000000,0.104360,525.000000,1220.000000,0.028876,0.985200,0.787200,43,0.237569,1655.000000,2300.000000,0,1922752.250000,0.002656,0.469496,331,0,0.054489,0,3,0,81,0.398012,0.606512,0.865075,0.601988,9330.157031,256960.801572,1730458.377435,0.000000,0.000000,0.000000,4703978247.764217
-2650,1676742071.000000,0.001126,0.925565,0.002175,0.008811,0.000000,0.000853,0.149695,0.654410,0.955908,0.892121,0.490859,0.240579,0.240765,0.901779,0.000283,0.424574,0.112139,0.000030,0.000026,0.074435,0.630674,0.304247,0.164265,0.018078|0.050828|0.613414|0.277419|0.022384|0.017918,0.181313,0.798168,0.162604,0.230219,0.815894,0.946487,0.769780,611590.000000,27184392.600000,0.110405,535.000000,1220.000000,0.030170,0.986300,0.730360,40,0.219780,1602.500000,2350.000000,0,1948162.125000,0.002574,0.423042,334,0,0.062404,0,1,0,77,0.396763,0.606957,0.865825,0.603236,4521.626256,262513.256213,1762569.675514,0.000000,0.000000,0.000000,4859447180.700251
-2600,1778895969.000000,0.001184,0.925150,0.001763,0.008887,0.000000,0.001831,0.157739,0.667549,0.972340,0.893938,0.484994,0.234332,0.241672,0.904856,0.000272,0.424837,0.111598,0.000030,0.000027,0.074850,0.627965,0.306567,0.166478,0.018075|0.049369|0.615518|0.276835|0.022325|0.017917,0.175284,0.804749,0.164204,0.233083,0.814004,0.940800,0.766917,616512.000000,28126151.000000,0.114385,525.000000,1204.000000,0.031888,0.986300,0.723820,39,0.210811,1495.000000,2400.000000,0,1955993.375000,0.002502,0.462002,331,1,0.066575,0,4,0,68,0.398857,0.606980,0.866049,0.601143,11467.996470,287832.925352,1937351.478648,0.000000,0.000000,0.000000,5319677173.216936
-2550,1840390692.000000,0.000680,0.935223,0.002252,0.009004,0.000000,0.001005,0.152642,0.687292,0.992237,0.892582,0.503366,0.242691,0.244225,0.903568,0.000275,0.423251,0.117028,0.000031,0.000028,0.064777,0.625744,0.307485,0.168205,0.018063|0.047676|0.611758|0.282345|0.022277|0.017916,0.172386,0.807997,0.167029,0.235440,0.831477,0.954606,0.764560,630324.000000,29922737.400000,0.123647,525.000000,1220.000000,0.033826,0.987200,0.727420,39,0.210811,1515.000000,2450.000000,0,1956793.875000,0.002426,0.435523,353,0,0.059607,0,0,0,77,0.402516,0.606443,0.864321,0.597484,17531.260467,303167.714236,2019018.037073,0.000000,0.000000,0.000000,5460719103.905642
-2500,1894922534.000000,0.000584,0.939301,0.001772,0.009028,0.000000,0.001566,0.157600,0.695068,1.000000,0.892458,0.515242,0.245134,0.243140,0.904454,0.000283,0.425982,0.115565,0.000031,0.000029,0.060699,0.624234,0.308942,0.169824,0.018054|0.047166|0.608675|0.285874|0.022347|0.017914,0.170746,0.810043,0.169412,0.237049,0.838233,0.968108,0.762951,619017.000000,29869128.000000,0.135588,525.000000,1220.000000,0.035939,0.987700,0.727480,39,0.210811,1565.000000,2500.000000,0,1963732.000000,0.002462,0.450989,362,0,0.057510,0,0,0,77,0.403095,0.606842,0.862441,0.596905,20474.705786,317002.899362,2108834.208229,0.000000,0.000000,0.000000,5601353838.125426
-2450,1947176732.000000,0.000544,0.914238,0.002451,0.008884,0.000000,0.000000,0.156008,0.704535,1.000000,0.890379,0.464563,0.242757,0.243571,0.899927,0.000273,0.424458,0.111057,0.000032,0.000030,0.085762,0.622216,0.310615,0.172899,0.018049|0.046642|0.607953|0.287163|0.022314|0.017912,0.167954,0.813178,0.170974,0.239204,0.780314,0.937267,0.760796,596289.000000,29343713.800000,0.148928,511.000000,1220.000000,0.038284,0.994000,0.769040,39,0.206349,1575.000000,2550.000000,0,1934097.625000,0.002392,0.454668,348,0,0.083497,0,4,0,100,0.408555,0.605711,0.866641,0.591445,15606.835111,321817.960215,2099425.802011,0.000000,0.000000,0.000000,6142539108.873372
-2400,2009068190.000000,0.000626,0.908461,0.002943,0.008841,0.000000,0.001225,0.155134,0.715686,1.000000,0.889195,0.545535,0.241676,0.244486,0.894333,0.000277,0.425740,0.117081,0.000031,0.000032,0.091539,0.619109,0.313529,0.175328,0.018045|0.045849|0.602839|0.293179|0.022214|0.017910,0.165919,0.815792,0.172159,0.242533,0.795512,0.921936,0.757467,628626.000000,30830940.200000,0.155555,511.000000,1225.000000,0.041135,0.986400,0.729460,37,0.195767,1590.000000,2600.000000,0,1927709.375000,0.002329,0.442328,376,0,0.091954,0,0,0,84,0.407413,0.605797,0.867024,0.592587,14157.070726,324911.474756,2111847.955446,0.000000,0.000000,0.000000,6289660747.490653
-2350,2069460827.000000,0.000593,0.930439,0.002403,0.008977,0.000000,0.000814,0.156860,0.719966,1.000000,0.891686,0.546126,0.242277,0.244988,0.902034,0.000277,0.427775,0.114806,0.000032,0.000032,0.069561,0.617162,0.315309,0.177702,0.018041|0.045227|0.598428|0.298271|0.022153|0.017909,0.163835,0.817824,0.168166,0.244629,0.814913,0.959617,0.755370,622458.500000,30607884.300000,0.163974,519.500000,1245.700000,0.043523,0.986350,0.727340,37,0.194737,1635.000000,2650.000000,0,1966782.125000,0.002238,0.453154,352,0,0.071977,0,1,0,91,0.411178,0.608441,0.867016,0.588822,24144.080281,346288.632991,2262285.650967,0.000000,0.000000,0.000000,6524371425.917960
-2300,2127056809.000000,0.000549,0.954451,0.001811,0.009044,0.000000,0.001486,0.154052,0.731118,1.000000,0.892200,0.509520,0.244225,0.247663,0.904025,0.000266,0.428690,0.124456,0.000035,0.000035,0.045549,0.615675,0.317684,0.179375,0.018040|0.045011|0.591480|0.305409|0.022154|0.017908,0.163198,0.818589,0.170434,0.246236,0.852000,1.000000,0.753764,602851.000000,30425621.600000,0.179835,512.500000,1315.000000,0.045240,0.987300,0.753620,37,0.192708,1670.000000,2700.000000,0,1950381.000000,0.002225,0.440619,327,1,0.048443,0,4,0,91,0.413611,0.611305,0.867170,0.586389,53051.680781,382943.549899,2521665.441809,0.000000,0.000000,0.000000,6729139924.726579
-2250,2188216524.000000,0.000567,0.976524,0.000832,0.008972,0.000700,0.001473,0.160677,0.741348,1.000000,0.891783,0.515006,0.245390,0.247211,0.904677,0.000260,0.429354,0.116245,0.000037,0.000037,0.023476,0.614078,0.319734,0.182397,0.018032|0.044189|0.587111|0.310713|0.022051|0.017906,0.162946,0.819277,0.164067,0.247966,0.902848,1.000000,0.752034,593378.000000,32599679.800000,0.165378,511.000000,1342.600000,0.039550,0.985200,0.719040,35,0.179487,1500.000000,2750.000000,2,1954164.750000,0.002756,0.484778,366,0,0.025685,0,4,0,94,0.412455,0.614830,0.864357,0.587545,74999.570430,429229.767043,2790022.647655,0.000000,0.000000,0.000000,7335084612.122048
-2200,2259720480.000000,0.000643,0.982127,0.001188,0.008877,0.000000,0.001454,0.162970,0.751896,1.000000,0.890114,0.478387,0.249336,0.247993,0.901532,0.000252,0.430824,0.117964,0.000039,0.000036,0.017873,0.611762,0.323566,0.186822,0.018018|0.043040|0.589907|0.309150|0.021981|0.017905,0.160808,0.821979,0.166752,0.250480,0.928222,1.000000,0.749520,583100.000000,33318512.000000,0.178950,511.000000,1335.200000,0.039536,0.986200,0.714760,35,0.177665,1535.000000,2800.000000,0,1945610.125000,0.002813,0.451344,368,0,0.020194,0,2,0,110,0.416830,0.615646,0.863638,0.583170,59348.868972,429570.567278,2783842.414258,0.000000,0.000000,0.000000,7524013151.466993
-2150,2296260851.000000,0.000321,0.975902,0.000736,0.008911,0.000700,0.001459,0.153099,0.761365,1.000000,0.890445,0.456540,0.242600,0.247248,0.901303,0.000255,0.430609,0.116060,0.000049,0.000045,0.024098,0.611399,0.330203,0.192380,0.018007|0.043416|0.589930|0.308626|0.022120|0.017903,0.157793,0.824906,0.168530,0.250875,0.888766,1.000000,0.749125,598150.000000,32719033.800000,0.193107,513.000000,1305.200000,0.058447,0.985300,0.724080,35,0.175879,1575.000000,2850.000000,2,1939765.750000,0.002551,0.428176,371,0,0.027668,0,2,0,113,0.417691,0.614504,0.865500,0.582309,48401.500828,459475.814064,2804184.909687,0.000000,0.000000,0.000000,7943651598.476582
-2100,2342907360.000000,0.000402,0.958092,0.001706,0.009056,0.000000,0.001762,0.157946,0.774940,1.000000,0.886308,0.458670,0.244553,0.247196,0.895247,0.000244,0.428414,0.113799,0.000048,0.000040,0.041908,0.610212,0.333010,0.194269,0.018001|0.042645|0.593572|0.305729|0.022151|0.017904,0.157662,0.825093,0.166999,0.252170,0.865086,1.000000,0.747830,630308.000000,33246331.600000,0.181885,507.500000,1300.500000,0.064667,0.986500,0.723000,35,0.173267,1617.500000,2900.000000,0,1964678.000000,0.002783,0.465815,390,0,0.049094,0,3,0,82,0.420429,0.611675,0.864655,0.579571,45067.208748,423940.948768,2753781.187426,0.000000,0.000000,0.000000,8304567790.880986
-2050,2373834212.000000,0.000262,0.968078,0.000912,0.008964,0.000000,0.001119,0.141563,0.782026,1.000000,0.890548,0.462014,0.245604,0.248974,0.901032,0.000247,0.431010,0.114362,0.000046,0.000040,0.031922,0.607925,0.335330,0.195672,0.017999|0.042164|0.593779|0.305979|0.022177|0.017904,0.157921,0.824894,0.161315,0.254668,0.881440,1.000000,0.745332,633498.000000,34837758.600000,0.169600,511.000000,1348.400000,0.067239,0.988700,0.698560,35,0.172414,1665.000000,2950.000000,0,1947439.375000,0.002795,0.430788,368,0,0.037889,0,1,0,101,0.421191,0.611730,0.865932,0.578809,44699.067560,469737.128861,2818568.942666,0.000000,0.000000,0.000000,8544800508.564380
-2000,2353668957.000000,-0.000171,0.972161,0.001169,0.008799,0.000700,0.000913,0.134854,0.800877,1.000000,0.889381,0.431869,0.245866,0.249566,0.896338,0.000262,0.430181,0.109892,0.000041,0.000041,0.027839,0.746561,0.337435,0.197561,0.017995|0.042583|0.592638|0.306686|0.022194|0.017905,0.160308,0.822323,0.157219,0.254495,0.895046,1.000000,0.745505,638127.000000,35357407.400000,0.129398,525.000000,1335.200000,0.038372,0.985900,0.683280,34,0.164251,1680.000000,3000.000000,2,1943918.375000,0.002881,0.554048,376,1,0.032762,0,5,0,85,0.425257,0.614200,0.865806,0.574743,28271.029690,450963.638484,2673914.719836,0.000000,0.000000,0.000000,9405506364.628792
-1950,2297917629.000000,-0.000479,0.972320,0.001161,0.008799,0.000000,0.001077,0.134664,0.797607,1.000000,0.888902,0.435692,0.244031,0.248926,0.897816,0.000250,0.429373,0.113227,0.000041,0.000038,0.027680,0.743792,0.343371,0.202256,0.017996|0.043480|0.586340|0.311990|0.022355|0.017905,0.160108,0.822103,0.159600,0.256968,0.913036,1.000000,0.743032,646492.000000,35128339.600000,0.127579,525.000000,1347.200000,0.037672,0.984200,0.675500,34,0.164251,1730.000000,3050.000000,0,1954552.750000,0.002904,0.556415,406,0,0.031804,0,0,0,109,0.425575,0.610837,0.864909,0.574425,17293.944300,430321.181267,2555634.113813,0.000000,0.000000,0.000000,9565178709.429396
-1900,2299349487.000000,0.000012,0.964244,0.001536,0.008916,0.000000,0.000000,0.129472,0.804881,1.000000,0.885068,0.429472,0.247269,0.249524,0.886274,0.000251,0.427801,0.114018,0.000040,0.000038,0.035756,0.741618,0.346285,0.207058,0.017991|0.043346|0.590179|0.308330|0.022266|0.017905,0.156424,0.825728,0.162503,0.258916,0.894784,0.998709,0.741084,624176.000000,33911982.200000,0.123177,530.000000,1361.600000,0.037017,0.993900,0.715340,34,0.162679,1670.000000,3100.000000,0,1943352.250000,0.002849,0.559963,419,0,0.041108,0,2,0,97,0.426388,0.608220,0.865088,0.573612,10928.866027,421427.409169,2495786.554686,0.000000,0.000000,0.000000,9754161745.786850
-1850,2349858720.000000,0.000435,0.932266,0.002841,0.008932,0.000000,0.001238,0.124647,0.814864,1.000000,0.881703,0.449494,0.250293,0.249576,0.876398,0.000247,0.427417,0.114086,0.000041,0.000038,0.067734,0.741155,0.349414,0.210674,0.017983|0.042356|0.586453|0.312848|0.022461|0.017904,0.156587,0.825223,0.163361,0.259332,0.832632,0.955801,0.740668,623987.000000,34403675.000000,0.114822,525.000000,1394.000000,0.040947,0.984500,0.719700,34,0.161137,1655.000000,3150.000000,0,1922129.375000,0.002739,0.546366,409,0,0.079583,0,2,0,113,0.425739,0.605595,0.866486,0.574261,4350.391788,406692.830778,2412764.276264,0.000000,0.000000,0.000000,10168153427.446978
-1800,2413566076.000000,0.000535,0.908667,0.002488,0.008799,0.000000,0.000953,0.123712,0.826121,1.000000,0.885646,0.469318,0.247312,0.250382,0.889721,0.000234,0.426787,0.113844,0.000043,0.000038,0.091333,0.740332,0.352167,0.212401,0.017978|0.042600|0.581578|0.317528|0.022414|0.017903,0.152058,0.829694,0.164189,0.260073,0.804984,0.916064,0.739927,622904.000000,34246383.600000,0.113459,520.500000,1322.800000,0.047406,0.985200,0.727040,32,0.149533,1660.000000,3200.000000,0,1938923.250000,0.002620,0.566546,401,0,0.110219,0,3,0,95,0.428443,0.606148,0.870006,0.571557,4810.391995,416836.248842,2496528.337976,0.000000,0.000000,0.000000,10425692081.744089
-1750,2462276400.000000,0.000400,0.920067,0.002876,0.008708,0.000000,0.000793,0.119694,0.834926,1.000000,0.886346,0.477155,0.247024,0.250807,0.892024,0.000234,0.429345,0.106555,0.000041,0.000037,0.079933,0.738032,0.354055,0.213642,0.017969|0.042000|0.580412|0.319332|0.022385|0.017903,0.150941,0.830992,0.159184,0.262144,0.808366,0.935748,0.737856,616738.000000,34549097.800000,0.110968,516.000000,1320.400000,0.052194,0.985400,0.709120,32,0.147465,1680.000000,3250.000000,0,1953965.375000,0.002746,0.531700,427,1,0.098408,0,3,0,89,0.434200,0.608895,0.866413,0.565800,10826.458255,433755.140774,2559635.877523,0.000000,0.000000,0.000000,10707529862.270599
-1700,2510911015.000000,0.000391,0.927075,0.002184,0.008830,0.000000,0.000665,0.124121,0.846010,1.000000,0.888367,0.476722,0.247261,0.249761,0.899337,0.000233,0.430741,0.116246,0.000039,0.000037,0.072925,0.735829,0.356484,0.216178,0.017962|0.041553|0.578054|0.322198|0.022333|0.017902,0.147853,0.834506,0.162405,0.264134,0.815023,0.946113,0.735866,618178.000000,34160095.000000,0.107606,516.000000,1396.000000,0.056134,0.984800,0.699860,32,0.146119,1650.000000,3300.000000,0,1955923.375000,0.002922,0.510217,442,0,0.091554,0,2,0,116,0.433467,0.606939,0.868923,0.566533,18130.350607,450644.936965,2695753.930514,0.000000,0.000000,0.000000,11178503261.255987
-1650,2536787773.000000,0.000205,0.920645,0.002902,0.008933,0.000000,0.000000,0.122019,0.852862,1.000000,0.887995,0.465980,0.247794,0.250351,0.894785,0.000236,0.429711,0.113919,0.000040,0.000037,0.079355,0.733276,0.358372,0.218499,0.017954|0.041570|0.575290|0.324979|0.022309|0.017901,0.145081,0.837376,0.160806,0.266447,0.823290,0.924117,0.733553,619535.000000,35027196.000000,0.105898,525.000000,1394.000000,0.045644,0.994700,0.732400,32,0.144796,1575.000000,3350.000000,0,1944843.500000,0.002911,0.510014,468,0,0.100654,0,2,0,112,0.435239,0.610037,0.869753,0.564761,17095.636331,501810.890159,2965705.667006,0.000000,0.000000,0.000000,11990960206.015631
-1600,2571294728.000000,0.000270,0.912620,0.002889,0.008847,0.000000,0.002696,0.120667,0.856479,1.000000,0.886897,0.451333,0.248646,0.250972,0.891483,0.000226,0.429553,0.112082,0.000041,0.000037,0.087380,0.732113,0.359991,0.222330,0.017948|0.041823|0.571958|0.327939|0.022434|0.017900,0.142277,0.839886,0.161487,0.267504,0.812860,0.920006,0.732496,611680.000000,32916229.600000,0.107575,514.000000,1315.800000,0.047666,0.984800,0.719780,32,0.142222,1605.000000,3400.000000,0,1949649.375000,0.002860,0.526970,498,0,0.112340,0,5,0,119,0.437357,0.608108,0.868252,0.562643,4666.747153,438710.790686,2616740.319106,0.000000,0.000000,0.000000,12283223782.028011
-1550,2623115222.000000,0.000399,0.904430,0.003044,0.008720,0.000000,0.001321,0.120965,0.859483,1.000000,0.888653,0.471597,0.246139,0.251236,0.897952,0.000222,0.429065,0.109082,0.000040,0.000037,0.095570,0.806486,0.361826,0.224812,0.017943|0.041927|0.570810|0.328938|0.022483|0.017900,0.141137,0.841031,0.158891,0.266838,0.783763,0.914551,0.733162,583444.500000,33434007.500000,0.105643,507.500000,1359.000000,0.050923,0.985600,0.721690,32,0.140351,1582.500000,3450.000000,0,1973049.500000,0.002885,0.518705,421,0,0.125346,0,3,0,108,0.436964,0.609989,0.872031,0.563036,10876.318173,446767.057970,2697187.183119,0.000000,0.000000,0.000000,12520689065.552124
-1500,2675988887.000000,0.000399,0.925828,0.002270,0.008758,0.000700,0.000799,0.120146,0.873877,1.000000,0.889147,0.460625,0.252195,0.252594,0.894891,0.000223,0.429564,0.110454,0.000039,0.000037,0.074172,0.800663,0.364039,0.227942,0.017938|0.040865|0.570852|0.329975|0.022473|0.017898,0.138717,0.843896,0.158620,0.269237,0.805487,0.939479,0.730763,618427.000000,32720918.500000,0.104438,509.500000,1356.600000,0.053831,0.985900,0.728420,32,0.140351,1632.500000,3500.000000,2,1968271.500000,0.002847,0.509938,464,2,0.099242,0,0,0,111,0.439979,0.608773,0.871870,0.560021,20846.334226,475118.527898,2859612.670541,0.000000,0.000000,0.000000,12688968998.842937
-1450,2715561240.000000,0.000294,0.956310,0.001345,0.008897,0.000700,0.001308,0.119959,0.878364,1.000000,0.889108,0.464741,0.252904,0.254741,0.892369,0.000217,0.431716,0.117120,0.000038,0.000037,0.043690,0.774193,0.367222,0.230209,0.017932|0.039796|0.567670|0.334248|0.022457|0.017899,0.137016,0.845925,0.159671,0.273008,0.859531,1.000000,0.726992,601213.000000,33484055.000000,0.104369,514.000000,1303.000000,0.057682,0.986200,0.733180,32,0.139738,1675.000000,3550.000000,2,1958610.875000,0.002827,0.525807,471,0,0.059321,0,2,0,116,0.444842,0.615916,0.868688,0.555158,41619.269648,509468.302435,3090151.078976,0.000000,0.000000,0.000000,13125215818.614328
-1400,2766209485.000000,0.000370,0.973064,0.001055,0.008888,0.000000,0.001674,0.117788,0.891694,1.000000,0.889837,0.474255,0.248982,0.256647,0.900566,0.000228,0.432743,0.119708,0.000038,0.000037,0.026936,0.761040,0.370298,0.233447,0.017925|0.039720|0.560680|0.341431|0.022346|0.017898,0.135769,0.847435,0.160880,0.274028,0.911047,1.000000,0.725972,613554.000000,33477533.000000,0.108033,516.000000,1290.000000,0.062060,0.987500,0.721500,32,0.138528,1705.000000,3600.000000,0,1965281.125000,0.002783,0.549504,441,0,0.037256,0,2,0,106,0.444599,0.616044,0.868673,0.555401,58918.415388,542598.163379,3273549.781336,0.000000,0.000000,0.000000,14037303455.297890
-1350,2803277199.000000,0.000266,0.977167,0.000884,0.008754,0.000000,0.000000,0.118696,0.893822,1.000000,0.885228,0.508280,0.251345,0.255628,0.893433,0.000232,0.430793,0.118033,0.000039,0.000036,0.022833,0.752493,0.373320,0.236577,0.017921|0.038609|0.560552|0.342858|0.022383|0.017898,0.135856,0.848114,0.163184,0.276455,0.926914,1.000000,0.723545,584664.000000,32770491.800000,0.113459,515.000000,1287.100000,0.063987,0.994950,0.749310,32,0.137931,1705.000000,3650.000000,0,1966552.250000,0.002726,0.548553,462,0,0.032003,0,1,0,144,0.448812,0.615521,0.865056,0.551188,45159.371916,538752.195222,3258266.773312,0.000000,0.000000,0.000000,14253818637.073534
-1300,2861595677.000000,0.000412,0.966699,0.001174,0.008708,0.000700,0.001313,0.117120,0.903045,1.000000,0.882171,0.482499,0.253589,0.255618,0.891254,0.000216,0.429907,0.109248,0.000039,0.000038,0.033301,0.760740,0.375425,0.240840,0.017916|0.038512|0.561261|0.342374|0.022104|0.017898,0.134293,0.849878,0.156872,0.274718,0.890426,1.000000,0.725282,584664.000000,32759780.500000,0.112708,515.000000,1260.300000,0.062637,0.985100,0.711770,32,0.134454,1650.000000,3700.000000,2,1955814.375000,0.002679,0.523071,454,0,0.047647,0,6,0,127,0.447186,0.615854,0.866082,0.552814,42216.470663,544340.079633,3292129.857775,0.000000,0.000000,0.000000,15162860541.427538
-1250,2933139867.000000,0.000494,0.964677,0.001035,0.008835,0.000000,0.001028,0.117169,0.916250,1.000000,0.886446,0.495632,0.253373,0.255253,0.891087,0.000215,0.432469,0.109783,0.000039,0.000037,0.035323,0.754910,0.376774,0.241217,0.017913|0.038727|0.563047|0.340379|0.022079|0.017897,0.133050,0.851044,0.160916,0.277819,0.883911,1.000000,0.722181,611902.000000,33589825.400000,0.110070,515.000000,1278.400000,0.062268,0.987600,0.726300,32,0.134454,1700.000000,3750.000000,0,1952839.125000,0.002613,0.527111,445,0,0.051803,0,0,0,96,0.449991,0.616103,0.867966,0.550009,29437.073545,547959.892454,3303303.584013,0.000000,0.000000,0.000000,15354754554.304050
-1200,3003888656.000000,0.000477,0.976574,0.001197,0.008898,0.000000,0.001583,0.114566,0.925312,1.000000,0.888863,0.511123,0.251561,0.255933,0.897402,0.000207,0.433688,0.110664,0.000039,0.000037,0.023426,0.753026,0.378015,0.240786,0.017911|0.037993|0.561886|0.342148|0.022167|0.017895,0.131878,0.852450,0.159922,0.279482,0.905620,1.000000,0.720518,622263.500000,33642561.000000,0.105578,520.500000,1243.600000,0.062575,0.986850,0.719790,32,0.132231,1722.500000,3800.000000,0,1980986.500000,0.002590,0.558114,459,0,0.035185,0,4,0,124,0.452695,0.621277,0.868781,0.547305,40989.356696,566706.872669,3445147.866025,0.000000,0.000000,0.000000,16880901325.514174
-1150,3005628566.000000,0.000012,0.981484,0.000788,0.008793,0.000000,0.001177,0.114656,0.947480,1.000000,0.890140,0.531480,0.251892,0.256715,0.899974,0.000208,0.434607,0.112753,0.000039,0.000037,0.018516,0.744302,0.378555,0.240678,0.017909|0.038280|0.556761|0.346945|0.022212|0.017893,0.131410,0.852722,0.164078,0.281893,0.926273,1.000000,0.718107,632697.000000,33921742.200000,0.105744,527.500000,1243.600000,0.062378,0.987600,0.727000,32,0.132231,1772.500000,3850.000000,0,1952194.000000,0.002573,0.554406,505,0,0.027826,0,0,0,125,0.454167,0.622654,0.867202,0.545833,32274.415054,564290.557876,3445096.505048,0.000000,0.000000,0.000000,17071955044.688852
-1100,2999839900.000000,-0.000039,0.964982,0.001437,0.008683,0.000000,0.001489,0.113781,0.941928,1.000000,0.887156,0.505995,0.252677,0.256656,0.887097,0.000224,0.434242,0.109285,0.000041,0.000038,0.035018,0.741992,0.379310,0.241325,0.017908|0.037575|0.558811|0.345668|0.022145|0.017894,0.130815,0.853770,0.166091,0.283962,0.885045,1.000000,0.716038,628212.000000,32198184.400000,0.105798,516.000000,1242.200000,0.062157,0.988700,0.722800,32,0.131687,1815.000000,3900.000000,0,1932864.250000,0.002622,0.537668,514,0,0.052524,0,2,0,129,0.457510,0.619137,0.868664,0.542490,18815.810809,545736.809763,3290342.931356,0.000000,0.000000,0.000000,17351511636.250443
-1050,2966631949.000000,-0.000223,0.950731,0.001831,0.008753,0.000000,0.005087,0.112338,0.952141,1.000000,0.886519,0.498305,0.249579,0.257519,0.884606,0.000209,0.433976,0.109740,0.000043,0.000039,0.049269,0.739089,0.379850,0.243322,0.017907|0.038036|0.564078|0.340047|0.022040|0.017893,0.129433,0.854966,0.165423,0.286571,0.860210,0.977719,0.713429,621919.000000,32658613.600000,0.108645,516.000000,1239.400000,0.061708,0.988400,0.727000,32,0.130612,1865.000000,3950.000000,0,1922299.875000,0.002573,0.532269,504,0,0.073082,0,2,0,137,0.460673,0.614336,0.870636,0.539327,6933.025821,521490.536488,3142362.421257,0.000000,0.000000,0.000000,17601198232.412712
-1000,2987512279.000000,0.000140,0.917410,0.002679,0.008874,0.000000,0.000790,0.111004,0.958792,1.000000,0.882974,0.526077,0.254671,0.255231,0.878100,0.000207,0.433277,0.109557,0.000042,0.000040,0.082590,0.736995,0.380228,0.242567,0.017907|0.037815|0.566032|0.338149|0.022205|0.017893,0.129979,0.854479,0.165488,0.288459,0.819655,0.924500,0.711541,611879.500000,31743875.000000,0.107086,520.500000,1246.000000,0.061483,0.987650,0.733050,32,0.130081,1752.500000,4000.000000,0,1941467.500000,0.002571,0.539514,500,0,0.123369,0,1,0,129,0.460603,0.609175,0.869488,0.539397,3472.597543,506328.131266,3062276.235389,0.000000,0.000000,0.000000,17824155316.705769
-950,3033841726.000000,0.000308,0.926594,0.002793,0.008827,0.000000,0.002932,0.109698,0.979857,1.000000,0.886208,0.550063,0.254756,0.255393,0.885187,0.000212,0.433231,0.111073,0.000042,0.000039,0.073406,0.736145,0.380444,0.242836,0.017907|0.037970|0.561209|0.342650|0.022371|0.017893,0.128257,0.855878,0.168495,0.289228,0.811388,0.943677,0.710772,673105.500000,30725650.400000,0.101714,515.000000,1226.100000,0.061434,0.988500,0.746270,32,0.128000,1780.000000,4050.000000,0,1944006.625000,0.002495,0.602104,459,0,0.111351,0,4,0,101,0.456789,0.610713,0.872389,0.543211,11770.463012,522230.661648,3164331.338928,0.000000,0.000000,0.000000,19956409194.061317
-900,3036504841.000000,0.000018,0.923655,0.002501,0.008690,0.000000,0.000905,0.110182,0.988610,1.000000,0.890303,0.520675,0.255286,0.256571,0.887962,0.000201,0.433198,0.111570,0.000041,0.000040,0.076345,0.733650,0.381145,0.244347,0.017908|0.037400|0.560694|0.343691|0.022418|0.017891,0.127833,0.856493,0.170365,0.291488,0.823289,0.937071,0.708512,657746.000000,30495408.500000,0.101568,515.000000,1226.100000,0.061301,0.986400,0.747900,32,0.128000,1817.500000,4100.000000,0,1962350.875000,0.002532,0.601711,516,0,0.115911,0,0,0,134,0.459495,0.612651,0.872815,0.540505,16150.746060,526768.949999,3208152.053864,0.000000,0.000000,0.000000,20141806593.332958
-850,3033847192.000000,-0.000018,0.933241,0.002592,0.008695,0.000000,0.000923,0.111174,0.998696,1.000000,0.888582,0.550016,0.255560,0.258306,0.882620,0.000198,0.435325,0.112837,0.000042,0.000040,0.066759,0.730611,0.381685,0.244995,0.017906|0.037604|0.563301|0.340955|0.022349|0.017885,0.127935,0.856362,0.175240,0.294249,0.827276,0.948422,0.705750,666007.500000,30787931.900000,0.103618,520.500000,1226.100000,0.061215,0.988500,0.739600,32,0.128000,1822.500000,4150.000000,0,1944955.000000,0.002500,0.596751,504,0,0.101268,0,0,0,138,0.462256,0.611422,0.869000,0.537744,17134.290743,521716.865779,3197604.254263,0.000000,0.000000,0.000000,20323840129.807896
-800,3017859648.000000,-0.000106,0.912770,0.003515,0.008834,0.000000,0.001222,0.111354,1.000000,1.000000,0.884853,0.538260,0.254008,0.258218,0.887273,0.000189,0.435313,0.112561,0.000043,0.000041,0.087230,0.729563,0.382818,0.245535,0.017906|0.038198|0.560652|0.342954|0.022407|0.017883,0.128159,0.855988,0.176205,0.295206,0.801438,0.927627,0.704794,656055.000000,30500448.000000,0.104054,525.000000,1222.000000,0.060941,0.987200,0.749200,32,0.127490,1840.000000,4200.000000,0,1943218.750000,0.002508,0.579131,495,0,0.131624,0,1,0,141,0.465098,0.612103,0.874233,0.534902,9214.458565,498475.645004,3053936.615703,0.000000,0.000000,0.000000,20787974406.291977
-750,3049326184.000000,0.000207,0.896668,0.003994,0.008868,0.000700,0.000962,0.110224,1.000000,1.000000,0.890527,0.549589,0.256443,0.258965,0.896831,0.000198,0.435131,0.115078,0.000043,0.000041,0.103332,0.727674,0.383088,0.245966,0.017905|0.038152|0.563146|0.340420|0.022498|0.017881,0.127692,0.856432,0.177104,0.296932,0.796803,0.895880,0.703068,666475.000000,31631397.000000,0.103554,525.000000,1222.000000,0.060856,0.990100,0.741500,32,0.127490,1890.000000,4250.000000,2,1932221.750000,0.002506,0.588419,516,0,0.157547,0,0,0,130,0.466957,0.611113,0.872639,0.533043,5368.467930,495442.053133,3020067.272458,0.000000,0.000000,0.000000,20973994089.881729
-700,3078462830.000000,0.000190,0.907411,0.003458,0.008744,0.000000,0.001046,0.110587,1.000000,1.000000,0.887349,0.555069,0.257468,0.260549,0.893416,0.000204,0.434203,0.116428,0.000044,0.000041,0.092589,0.724654,0.384113,0.246452,0.017906|0.038110|0.566037|0.337537|0.022532|0.017879,0.126457,0.857631,0.178144,0.299699,0.781459,0.921139,0.700301,658595.500000,29746720.600000,0.104822,520.500000,1221.400000,0.060436,0.987300,0.767580,32,0.125984,1927.500000,4300.000000,0,1958135.375000,0.002552,0.593030,470,0,0.142516,0,3,0,121,0.469433,0.612641,0.870309,0.530567,9177.530206,508219.848955,3110980.565312,0.000000,0.000000,0.000000,21393567571.928459
-650,3080608626.000000,0.000014,0.925949,0.002592,0.008673,0.000000,0.001261,0.111814,1.000000,1.000000,0.886448,0.561583,0.256907,0.265039,0.884700,0.000203,0.435925,0.118339,0.000042,0.000041,0.074051,0.722329,0.384923,0.247801,0.017907|0.037848|0.565978|0.337723|0.022666|0.017879,0.127648,0.856321,0.179423,0.301838,0.803667,0.950632,0.698162,693050.000000,30383423.800000,0.103470,516.000000,1221.200000,0.060217,0.988800,0.756280,32,0.125490,1945.000000,4350.000000,0,1958634.000000,0.002550,0.586570,504,0,0.114062,0,1,0,118,0.473252,0.617546,0.868104,0.526748,32694.933369,538877.724541,3318281.450022,0.000000,0.000000,0.000000,21600263089.753132
-600,3073347945.000000,-0.000047,0.958789,0.001505,0.008782,0.000000,0.001382,0.112443,1.000000,1.000000,0.889063,0.558028,0.256583,0.266965,0.890794,0.000205,0.439099,0.123417,0.000043,0.000042,0.041211,0.719257,0.385084,0.247585,0.017906|0.037879|0.567264|0.336311|0.022764|0.017878,0.128213,0.855612,0.182093,0.304673,0.855639,1.000000,0.695327,739509.000000,30414299.400000,0.103176,516.000000,1221.200000,0.060159,0.987500,0.753160,32,0.125490,1995.000000,4400.000000,0,1945492.500000,0.002471,0.602812,490,0,0.063328,0,0,0,112,0.475457,0.621885,0.869116,0.524543,53770.013699,571402.162473,3533500.739872,0.000000,0.000000,0.000000,21806461545.432217
-550,3076774037.000000,0.000022,0.967151,0.001258,0.008885,0.000000,0.001310,0.111771,1.000000,1.000000,0.888256,0.528776,0.257154,0.265567,0.899630,0.000204,0.436214,0.121856,0.000043,0.000042,0.032849,0.717825,0.385300,0.248125,0.017905|0.037885|0.565341|0.338307|0.022685|0.017878,0.127124,0.856563,0.182996,0.306000,0.871083,1.000000,0.694000,717345.000000,30420341.200000,0.103208,516.000000,1220.000000,0.059995,0.987300,0.755140,32,0.124514,1905.000000,4450.000000,0,1978935.625000,0.002495,0.592772,534,0,0.050535,0,2,0,128,0.478102,0.621785,0.869393,0.521898,45376.304712,569222.306006,3520934.455062,0.000000,0.000000,0.000000,22139391597.758522
-500,3056237554.000000,-0.000134,0.959373,0.001772,0.008811,0.000000,0.001479,0.111887,1.000000,1.000000,0.888281,0.546048,0.256513,0.263725,0.893317,0.000208,0.436435,0.118082,0.000045,0.000043,0.040627,0.714296,0.385516,0.246776,0.017906|0.037933|0.568454|0.335147|0.022683|0.017878,0.127604,0.856213,0.184262,0.309278,0.865405,1.000000,0.690722,704816.000000,29361742.200000,0.104976,516.000000,1220.000000,0.059948,0.987800,0.766740,32,0.124514,1955.000000,4500.000000,0,1959187.000000,0.002569,0.579956,535,0,0.062083,0,0,0,151,0.480681,0.618145,0.867603,0.519319,35104.100765,558858.062076,3402677.286337,0.000000,0.000000,0.000000,22340329025.891331
-450,3084519539.000000,0.000184,0.962044,0.001469,0.008685,0.000000,0.001515,0.112540,1.000000,1.000000,0.889568,0.523220,0.255614,0.264663,0.893898,0.000196,0.437760,0.118876,0.000044,0.000043,0.037956,0.712361,0.385624,0.247855,0.017905|0.037826|0.566597|0.337121|0.022675|0.017877,0.126485,0.857236,0.185188,0.311084,0.880550,1.000000,0.688916,708807.000000,29373715.100000,0.101188,512.500000,1220.000000,0.059924,0.988200,0.767550,32,0.124031,1995.000000,4550.000000,0,1942856.625000,0.002508,0.599765,499,0,0.058538,1,1,0,132,0.479702,0.620405,0.869035,0.520298,32093.355404,555126.037927,3429619.728896,0.000000,0.000000,0.000000,23183367303.950394
-400,3104714330.000000,0.000131,0.956864,0.001787,0.008724,0.000000,0.001617,0.112057,1.000000,1.000000,0.888651,0.513235,0.257192,0.265499,0.900064,0.000193,0.438170,0.116813,0.000046,0.000043,0.043136,0.710800,0.387405,0.250013,0.017907|0.037928|0.566213|0.337256|0.022819|0.017877,0.126805,0.856588,0.182427,0.312544,0.851000,1.000000,0.687456,734954.000000,30005308.000000,0.104192,507.000000,1247.000000,0.059416,0.988400,0.754900,32,0.122605,1960.000000,4600.000000,0,1963613.250000,0.002557,0.601192,477,0,0.066963,8,3,0,128,0.481622,0.625549,0.867387,0.518378,33048.897093,559515.250130,3433677.454867,0.000000,0.000000,0.000000,23467977774.886448
-350,3100601274.000000,-0.000027,0.972926,0.001050,0.008861,0.000000,0.001117,0.112183,1.000000,1.000000,0.890398,0.525023,0.257383,0.266802,0.892760,0.000187,0.440389,0.119181,0.000045,0.000043,0.027074,0.708416,0.387513,0.249960,0.017905|0.038178|0.565749|0.337435|0.022857|0.017878,0.127460,0.855726,0.185028,0.314780,0.891161,1.000000,0.685220,726745.500000,30393338.300000,0.102333,506.500000,1258.700000,0.059292,0.989900,0.762960,32,0.122137,1975.000000,4650.000000,0,1950879.750000,0.002539,0.599852,470,0,0.041973,5,1,0,113,0.477295,0.629146,0.869484,0.522705,51414.281408,585636.690076,3628711.897037,0.000000,0.000000,0.000000,23935253224.322266
-300,3081392478.000000,-0.000124,0.978748,0.000998,0.008864,0.000000,0.001393,0.112938,1.000000,1.000000,0.888704,0.518307,0.254760,0.267800,0.892659,0.000180,0.441770,0.119297,0.000045,0.000044,0.021252,0.705434,0.387783,0.250283,0.017905|0.038083|0.562779|0.340480|0.022876|0.017878,0.127675,0.855407,0.187030,0.317587,0.914582,1.000000,0.682413,706475.000000,30457902.600000,0.102779,506.000000,1257.400000,0.059236,0.990900,0.771820,32,0.121673,1970.000000,4700.000000,0,1978927.875000,0.002523,0.610915,511,0,0.032743,7,1,0,150,0.479108,0.630242,0.869286,0.520892,44708.667571,578882.820552,3577759.738497,0.000000,0.000000,0.000000,24265895304.380489
-250,3077401607.000000,-0.000026,0.968522,0.001303,0.008723,0.000700,0.002017,0.112654,1.000000,1.000000,0.886774,0.511166,0.258241,0.267308,0.898186,0.000193,0.441619,0.119424,0.000047,0.000044,0.031478,0.703596,0.387783,0.250445,0.017905|0.037548|0.563283|0.340477|0.022909|0.017878,0.126614,0.857025,0.188735,0.319324,0.892547,1.000000,0.680676,675995.000000,29844579.000000,0.100470,506.000000,1257.400000,0.059235,0.990800,0.765460,32,0.121673,2020.000000,4750.000000,2,1958629.250000,0.002570,0.599264,544,0,0.048435,8,0,0,151,0.481805,0.622386,0.871653,0.518195,22204.705892,557680.483616,3418135.339326,0.000000,0.000000,0.000000,24460270237.815765
-200,3090929490.000000,0.000088,0.946832,0.002188,0.008679,0.000000,0.000000,0.111548,1.000000,1.000000,0.886785,0.558380,0.259034,0.267612,0.891891,0.000189,0.438480,0.119457,0.000049,0.000045,0.053168,0.700551,0.388052,0.251255,0.017904|0.037684|0.563922|0.339750|0.022864|0.017878,0.126246,0.857380,0.193013,0.322209,0.858373,0.964032,0.677791,669444.000000,29698222.000000,0.098850,505.500000,1260.000000,0.058988,0.996000,0.802650,32,0.121212,2005.000000,4800.000000,0,1951368.625000,0.002834,0.553209,477,0,0.082170,12,1,0,130,0.489967,0.616220,0.872733,0.510033,10555.152991,527805.315024,3268377.911772,0.000000,0.000000,0.000000,24663220390.410576
-150,3099625804.000000,0.000056,0.923456,0.002940,0.008804,0.000000,0.002295,0.111336,1.000000,1.000000,0.885855,0.543860,0.258774,0.268830,0.879792,0.000190,0.440181,0.118587,0.000051,0.000046,0.076544,0.698120,0.388970,0.252334,0.017905|0.037929|0.563745|0.339574|0.022969|0.017878,0.126436,0.857000,0.191968,0.324522,0.830363,0.932817,0.675478,698944.000000,30012825.400000,0.102897,506.000000,1254.800000,0.058866,0.990400,0.777620,32,0.120755,2025.000000,4850.000000,0,1948628.875000,0.002753,0.542449,511,0,0.118630,12,1,0,119,0.487522,0.612708,0.875693,0.512478,9808.128986,517837.158876,3205803.892899,0.000000,0.000000,0.000000,24909059490.395485
-100,3112202791.000000,0.000081,0.921621,0.003103,0.008881,0.000000,0.001141,0.111738,1.000000,1.000000,0.886538,0.560494,0.260104,0.269979,0.881490,0.000187,0.441529,0.119601,0.000048,0.000046,0.078379,0.695669,0.389240,0.250985,0.017906|0.037903|0.565818|0.337465|0.023031|0.017878,0.127619,0.855760,0.192712,0.326863,0.820200,0.933703,0.673137,697854.000000,29049482.800000,0.104182,506.000000,1260.000000,0.058811,0.991300,0.781020,32,0.120755,2075.000000,4900.000000,0,1945222.500000,0.002822,0.521731,513,0,0.121966,18,0,0,133,0.489878,0.616835,0.875715,0.510122,12043.566402,518332.416251,3213280.284561,0.000000,0.000000,0.000000,25100996870.590816
-50,3116399330.000000,0.000027,0.920486,0.002304,0.008789,0.000000,0.001044,0.114889,1.000000,1.000000,0.890988,0.538762,0.259638,0.270211,0.890067,0.000189,0.443078,0.120533,0.000049,0.000047,0.079514,0.693173,0.389995,0.251255,0.017904|0.037731|0.564341|0.339096|0.023050|0.017878,0.126800,0.856451,0.197368,0.329255,0.807568,0.941375,0.670745,709123.000000,29229598.500000,0.103083,506.500000,1260.000000,0.058711,0.991800,0.778950,32,0.120301,2115.000000,4950.000000,0,1976428.500000,0.002920,0.511091,506,0,0.123899,20,1,0,150,0.492893,0.619190,0.877748,0.507107,18727.270061,535321.286103,3317451.324618,0.000000,0.000000,0.000000,25717934328.045559
0,3137203776.000000,0.000133,0.923590,0.002915,0.008687,0.000000,0.001322,0.115557,1.000000,1.000000,0.890820,0.559770,0.259722,0.270568,0.891513,0.000191,0.442907,0.122754,0.000049,0.000046,0.076410,0.691955,0.390211,0.252442,0.017904|0.037481|0.564889|0.339081|0.022768|0.017877,0.126044,0.857767,0.195399,0.330426,0.816683,0.934614,0.669574,693753.000000,30032475.200000,0.099718,507.000000,1260.000000,0.058634,0.991900,0.794140,32,0.119850,2155.000000,5000.000000,0,1968065.375000,0.002951,0.495033,535,0,0.119857,20,1,0,165,0.495158,0.616754,0.877779,0.504842,18404.970290,525638.987737,3282786.894476,0.000000,0.000000,0.000000,26035510201.920609
50,3132653534.000000,-0.000029,0.903907,0.003428,0.008753,0.000000,0.001995,0.113662,1.000000,1.000000,0.892342,0.567291,0.259844,0.271618,0.897680,0.000192,0.447353,0.124190,0.000050,0.000047,0.096093,0.688896,0.390535,0.251794,0.017904|0.038023|0.562903|0.340494|0.022799|0.017877,0.126262,0.857298,0.193620,0.333373,0.796349,0.907350,0.666627,654897.500000,30329392.300000,0.099172,506.500000,1260.000000,0.058611,0.992550,0.781810,32,0.119403,2192.500000,5050.000000,0,1943747.000000,0.003135,0.462217,520,0,0.150514,19,1,0,127,0.498264,0.619331,0.881855,0.501737,5673.368246,507812.272046,3150961.065768,0.000000,0.000000,0.000000,26320779681.084866
100,3156038272.000000,0.000149,0.882512,0.003953,0.008880,0.000000,0.001327,0.114127,1.000000,1.000000,0.891585,0.577004,0.260868,0.272617,0.897995,0.000193,0.447134,0.123430,0.000050,0.000047,0.117488,0.686393,0.391344,0.253251,0.017904|0.037552|0.564416|0.339425|0.022827|0.017877,0.125911,0.857860,0.200091,0.335796,0.769661,0.873522,0.664204,674840.000000,30314021.200000,0.098097,506.500000,1260.000000,0.058475,0.993300,0.804690,32,0.119403,2242.500000,5100.000000,0,1943475.750000,0.003217,0.453842,539,0,0.185398,19,0,0,147,0.500166,0.616670,0.883129,0.499834,6136.762812,501228.434653,3139162.858841,0.000000,0.000000,0.000000,26496137670.133419
150,3193156155.000000,0.000234,0.917837,0.003001,0.008851,0.000000,0.001237,0.116380,1.000000,1.000000,0.891930,0.576102,0.263873,0.274424,0.901234,0.000197,0.448083,0.126343,0.000048,0.000047,0.082163,0.685051,0.391560,0.254115,0.017904|0.037630|0.564059|0.339552|0.022977|0.017877,0.126289,0.857393,0.200063,0.337099,0.810713,0.924230,0.662901,690177.500000,30164082.000000,0.097336,507.000000,1260.700000,0.058236,0.993800,0.808170,32,0.118519,2275.000000,5150.000000,0,1958436.000000,0.003204,0.455909,470,0,0.131179,25,2,0,107,0.502786,0.618039,0.881982,0.497214,13566.133783,524605.470719,3289939.047268,0.000000,0.000000,0.000000,26715134135.985271
200,3221351710.000000,0.000176,0.929020,0.002127,0.008714,0.000000,0.001324,0.116692,1.000000,1.000000,0.896830,0.583799,0.260238,0.276241,0.905771,0.000197,0.450252,0.125204,0.000048,0.000047,0.070980,0.682570,0.391938,0.253899,0.017903|0.037292|0.563414|0.340553|0.022962|0.017877,0.125348,0.858261,0.202764,0.339514,0.817783,0.953984,0.660486,714768.500000,30349008.600000,0.097272,507.000000,1260.700000,0.058132,0.993400,0.798810,32,0.118519,2325.000000,5200.000000,0,1970387.375000,0.003190,0.451425,492,0,0.114326,15,0,0,117,0.506360,0.623768,0.885200,0.493640,32302.957224,557546.611697,3509045.321308,0.000000,0.000000,0.000000,26892578633.107418
250,3205283441.000000,-0.000100,0.953728,0.001663,0.008708,0.000000,0.001641,0.114980,1.000000,1.000000,0.896427,0.584526,0.258069,0.279199,0.906458,0.000199,0.450473,0.127452,0.000048,0.000048,0.046272,0.680303,0.392316,0.254978,0.017903|0.037275|0.563139|0.340742|0.023064|0.017877,0.125317,0.858040,0.205074,0.341728,0.856781,0.994217,0.658273,709351.500000,29254150.700000,0.098629,507.000000,1269.900000,0.058009,0.992800,0.794040,32,0.118519,2375.000000,5250.000000,0,1951059.000000,0.003155,0.454356,525,0,0.074158,16,0,0,141,0.509005,0.629255,0.882386,0.490995,53687.735101,575465.974363,3654605.551008,0.000000,0.000000,0.000000,27071391703.910004
300,3179530739.000000,-0.000161,0.962494,0.001435,0.008844,0.000000,0.001682,0.114635,1.000000,1.000000,0.894883,0.581012,0.260415,0.277418,0.905095,0.000202,0.450298,0.127392,0.000049,0.000049,0.037506,0.678777,0.392585,0.255734,0.017902|0.037766|0.558242|0.345199|0.023014|0.017877,0.124842,0.858612,0.202859,0.343223,0.877125,1.000000,0.656777,687809.000000,30209645.000000,0.100278,506.000000,1265.600000,0.057895,0.992500,0.806280,32,0.117216,2305.000000,5300.000000,0,1964704.500000,0.003182,0.455020,518,2,0.059625,19,3,0,154,0.508751,0.628864,0.882137,0.491249,50283.060061,576024.872310,3634410.639029,0.000000,0.000000,0.000000,27711579638.465668
350,3182888214.000000,0.000021,0.951096,0.001759,0.008889,0.000000,0.001821,0.116191,1.000000,1.000000,0.894137,0.583151,0.260764,0.276842,0.904115,0.000199,0.451700,0.124903,0.000049,0.000049,0.048904,0.676310,0.392747,0.256111,0.017903|0.037719|0.560189|0.343260|0.023052|0.017877,0.124981,0.858247,0.205398,0.345646,0.856622,0.980728,0.654354,690969.000000,30070194.000000,0.099456,506.000000,1265.600000,0.057843,0.993200,0.805320,32,0.117216,2355.000000,5350.000000,0,1951179.750000,0.003167,0.451690,523,0,0.077828,19,0,0,142,0.514269,0.624179,0.884733,0.485731,44229.959107,565546.837711,3585393.889215,0.000000,0.000000,0.000000,27889880458.247177
400,3209041458.000000,0.000164,0.952301,0.001887,0.008762,0.000000,0.001426,0.115920,1.000000,1.000000,0.894054,0.582834,0.261614,0.278670,0.903727,0.000198,0.451267,0.126806,0.000050,0.000049,0.047699,0.674016,0.392963,0.256543,0.017903|0.038107|0.560863|0.342133|0.023117|0.017877,0.124546,0.858515,0.209217,0.347907,0.858568,0.987718,0.652093,686875.000000,30069002.400000,0.097372,506.000000,1265.600000,0.057789,0.993700,0.809440,32,0.117216,2405.000000,5400.000000,0,1959683.750000,0.003177,0.444300,506,0,0.076533,22,0,0,133,0.517389,0.628421,0.884640,0.482611,37916.481805,565549.253545,3565167.469887,0.000000,0.000000,0.000000,28071400558.710899
450,3212420577.000000,0.000021,0.961181,0.001553,0.008686,0.000000,0.001435,0.116004,1.000000,1.000000,0.894166,0.576587,0.261615,0.279398,0.905970,0.000197,0.453382,0.126840,0.000051,0.000050,0.038819,0.671775,0.393179,0.256651,0.017904|0.038206|0.560380|0.342513|0.023120|0.017877,0.124528,0.858479,0.211130,0.350124,0.869815,1.000000,0.649876,734049.000000,29936744.200000,0.098167,506.000000,1265.600000,0.057746,0.994700,0.799020,32,0.117216,2455.000000,5450.000000,0,1964156.250000,0.003206,0.443902,506,0,0.062352,19,0,0,139,0.520114,0.632484,0.885620,0.479886,42924.964240,570034.638355,3628238.156286,0.000000,0.000000,0.000000,28255113850.399151
500,3215329536.000000,0.000018,0.975964,0.000752,0.008796,0.000000,0.001636,0.117168,1.000000,1.000000,0.893850,0.586916,0.260742,0.280794,0.901355,0.000192,0.453501,0.128841,0.000050,0.000050,0.024036,0.668740,0.393395,0.256705,0.017903|0.037667|0.559703|0.343656|0.023194|0.017877,0.124861,0.858149,0.209247,0.353135,0.911342,1.000000,0.646864,704507.000000,30528511.200000,0.098172,506.000000,1258.800000,0.057724,0.994400,0.821060,32,0.116788,2462.500000,5500.000000,0,1969195.625000,0.003192,0.447890,555,0,0.038642,16,1,0,157,0.520039,0.637377,0.886479,0.479961,39800.033892,585100.150114,3702494.369839,0.000000,0.000000,0.000000,28991684568.096188
550,3207458306.000000,-0.000049,0.964370,0.001148,0.008901,0.000000,0.001444,0.116960,1.000000,1.000000,0.894584,0.584645,0.260763,0.278990,0.904388,0.000201,0.453182,0.127607,0.000052,0.000051,0.035630,0.679405,0.394744,0.258378,0.017902|0.037402|0.558192|0.345533|0.023094|0.017877,0.124386,0.858709,0.214048,0.353026,0.886822,0.996520,0.646974,725461.000000,29837646.200000,0.097527,506.000000,1252.400000,0.057597,0.994800,0.822280,32,0.116364,2470.000000,5550.000000,0,1962060.375000,0.003209,0.449679,591,0,0.057141,18,1,0,168,0.525427,0.633968,0.886049,0.474573,41234.905463,576984.096887,3686843.205727,0.000000,0.000000,0.000000,29217261474.196022
600,3195140465.000000,-0.000077,0.957806,0.001350,0.008823,0.000000,0.001693,0.116566,1.000000,1.000000,0.894154,0.581287,0.259740,0.279086,0.893962,0.000202,0.452319,0.127463,0.000056,0.000052,0.042194,0.677929,0.396039,0.260752,0.017902|0.037141|0.558985|0.345026|0.023069|0.017877,0.124224,0.859084,0.212012,0.354475,0.869103,0.991312,0.645525,651327.500000,29689366.500000,0.099233,506.500000,1251.500000,0.057407,0.994750,0.823400,32,0.115942,2510.000000,5600.000000,0,1947960.500000,0.003176,0.449894,558,0,0.067407,21,1,0,162,0.526284,0.629247,0.887460,0.473716,21628.905406,555926.638965,3525734.271068,0.000000,0.000000,0.000000,29697542466.910282
650,3187892170.000000,-0.000045,0.941101,0.002358,0.008691,0.000000,0.001248,0.115419,1.000000,1.000000,0.894664,0.584299,0.262549,0.279350,0.903598,0.000212,0.453717,0.127538,0.000055,0.000052,0.058899,0.710532,0.396687,0.260159,0.017902|0.037423|0.557752|0.345886|0.023161|0.017877,0.124581,0.858778,0.210696,0.353943,0.842961,0.953599,0.646057,677806.000000,28692299.200000,0.098629,506.000000,1250.600000,0.057302,0.994500,0.827280,32,0.115523,2550.000000,5650.000000,0,1958212.125000,0.003164,0.449879,507,0,0.093882,16,1,0,139,0.528739,0.626667,0.886367,0.471261,14303.150618,532414.600844,3385912.278595,0.000000,0.000000,0.000000,29934035525.601192
700,3204785059.000000,0.000106,0.923557,0.002664,0.008730,0.000000,0.001193,0.115707,1.000000,1.000000,0.896193,0.590525,0.259211,0.280466,0.903341,0.000205,0.455639,0.128742,0.000055,0.000053,0.076443,0.705884,0.396741,0.258810,0.017903|0.037969|0.555362|0.347710|0.023180|0.017877,0.124873,0.858291,0.218665,0.358304,0.826118,0.928627,0.641696,690550.000000,29366938.800000,0.098723,506.000000,1250.600000,0.057266,0.995200,0.831600,32,0.115523,2600.000000,5700.000000,0,1953213.875000,0.003167,0.453307,514,0,0.122492,21,0,0,129,0.530393,0.624316,0.890494,0.469607,15795.957946,527837.759911,3378642.699617,0.000000,0.000000,0.000000,30115712130.587048
750,3211456698.000000,0.000042,0.925478,0.002425,0.008873,0.000000,0.001206,0.116829,1.000000,1.000000,0.896933,0.591529,0.258282,0.280701,0.903311,0.000203,0.455209,0.128377,0.000053,0.000053,0.074522,0.703444,0.396795,0.258756,0.017902|0.037756|0.552694|0.350532|0.023239|0.017877,0.124865,0.858247,0.221437,0.360609,0.819777,0.942375,0.639391,755169.000000,30661333.000000,0.096942,506.000000,1250.600000,0.057263,0.995000,0.834040,32,0.115523,2650.000000,5750.000000,0,1959155.125000,0.003128,0.450957,528,0,0.119662,15,0,0,119,0.534505,0.627118,0.891245,0.465495,16922.688451,534676.279448,3404352.161734,0.000000,0.000000,0.000000,30295841459.701370
800,3228773273.000000,0.000108,0.922397,0.002797,0.008865,0.000000,0.001498,0.115141,1.000000,1.000000,0.897559,0.582588,0.258520,0.283179,0.903097,0.000202,0.457762,0.129969,0.000054,0.000053,0.077603,0.701909,0.396849,0.258162,0.017901|0.037484|0.552417|0.351127|0.023194|0.017877,0.124146,0.859113,0.224121,0.362063,0.816039,0.935814,0.637937,707721.000000,30386784.000000,0.096729,506.000000,1250.600000,0.057261,0.994300,0.832520,32,0.115523,2700.000000,5800.000000,0,1952868.250000,0.003097,0.448658,551,0,0.125282,21,0,0,146,0.536528,0.627441,0.893466,0.463472,15635.379118,527550.786281,3377916.935508,0.000000,0.000000,0.000000,30478997897.191025
850,3220712675.000000,-0.000050,0.923756,0.003311,0.008735,0.000000,0.001368,0.117066,1.000000,1.000000,0.897001,0.576255,0.261504,0.282514,0.903210,0.000211,0.457719,0.129492,0.000056,0.000054,0.076244,0.699790,0.396902,0.257892,0.017903|0.037244|0.554707|0.348991|0.023279|0.017877,0.124534,0.858650,0.227723,0.364076,0.826477,0.934652,0.635924,732443.000000,30123123.600000,0.100246,507.000000,1250.600000,0.057238,0.995100,0.828340,32,0.115523,2750.000000,5850.000000,0,1947550.375000,0.003133,0.434497,551,0,0.122779,21,0,0,162,0.538512,0.628886,0.893350,0.461488,9627.567676,513713.256907,3281773.019173,0.000000,0.000000,0.000000,30662154202.974964
900,3247220446.000000,0.000164,0.901633,0.003583,0.008698,0.000000,0.001564,0.117853,1.000000,1.000000,0.896057,0.587509,0.262338,0.283468,0.900692,0.000207,0.456348,0.131356,0.000057,0.000055,0.098367,0.697145,0.396956,0.258486,0.017902|0.037316|0.554540|0.349025|0.023341|0.017877,0.124001,0.859072,0.227807,0.366596,0.797790,0.896090,0.633404,718619.000000,29690659.800000,0.098804,507.000000,1250.600000,0.057236,0.995200,0.828420,32,0.115523,2800.000000,5900.000000,0,1951087.375000,0.003127,0.428688,523,0,0.159710,24,0,0,152,0.542894,0.628724,0.895116,0.457106,5645.479780,506536.851141,3258588.897270,0.000000,0.000000,0.000000,30844876525.000900
950,3281779583.000000,0.000212,0.904176,0.003319,0.008830,0.000000,0.001424,0.119044,1.000000,1.000000,0.897889,0.585270,0.262249,0.285387,0.901629,0.000194,0.459403,0.131343,0.000056,0.000055,0.095824,0.694059,0.396956,0.258162,0.017902|0.037219|0.555587|0.348161|0.023255|0.017876,0.123795,0.859409,0.231220,0.369547,0.788345,0.913939,0.630453,713352.000000,30135347.600000,0.098181,507.000000,1250.600000,0.057234,0.995300,0.831520,32,0.115523,2850.000000,5950.000000,0,1960563.875000,0.003112,0.564813,512,0,0.157236,22,0,0,148,0.544432,0.627104,0.896125,0.455568,7698.786600,515980.233398,3317140.951737,0.000000,0.000000,0.000000,31031378083.819641
1000,3317989664.000000,0.000219,0.912751,0.002871,0.008915,0.000000,0.001667,0.121478,1.000000,1.000000,0.898183,0.563276,0.258941,0.287388,0.903662,0.000198,0.459091,0.132112,0.000056,0.000054,0.087249,0.691995,0.397658,0.258108,0.017901|0.037388|0.556099|0.347597|0.023139|0.017876,0.123466,0.859895,0.232496,0.371529,0.801364,0.913790,0.628471,722630.000000,31188244.000000,0.097057,507.000000,1250.600000,0.057233,0.995500,0.838160,32,0.115523,2900.000000,6000.000000,0,1980151.750000,0.003168,0.551205,539,0,0.144746,22,0,0,127,0.547644,0.630544,0.898190,0.452356,28125.319272,544411.758579,3522601.905306,0.000000,0.000000,0.000000,31214296708.643860
1050,3331129770.000000,0.000079,0.937950,0.001832,0.008812,0.000000,0.001447,0.121842,1.000000,1.000000,0.896777,0.571624,0.259009,0.290500,0.903885,0.000206,0.461730,0.134572,0.000055,0.000055,0.062050,0.682897,0.397874,0.258000,0.017900|0.036737|0.557775|0.346622|0.023090|0.017876,0.123446,0.860087,0.235323,0.374745,0.821891,0.975489,0.625255,736091.000000,30660274.400000,0.096182,507.000000,1250.600000,0.057154,0.995700,0.843680,32,0.115523,2950.000000,6050.000000,0,1987636.250000,0.003127,0.567741,521,0,0.103349,20,0,0,169,0.550741,0.635372,0.896336,0.449259,49803.536656,578287.179782,3759555.152782,0.000000,0.000000,0.000000,31394257679.472733
1100,3338319395.000000,0.000043,0.946999,0.001850,0.008712,0.000000,0.000000,0.122938,1.000000,1.000000,0.898314,0.548084,0.260739,0.290671,0.908359,0.000204,0.461469,0.135405,0.000056,0.000056,0.053001,0.678995,0.397874,0.258054,0.017901|0.036947|0.558911|0.345268|0.023098|0.017876,0.122403,0.861187,0.232595,0.375864,0.829205,0.990162,0.624136,725153.000000,30427545.000000,0.096674,507.000000,1245.600000,0.057153,0.998200,0.861010,32,0.115108,2982.500000,6100.000000,0,1960305.875000,0.003152,0.579712,534,0,0.088466,25,1,0,138,0.553486,0.636948,0.895775,0.446514,53851.492417,589107.830930,3841205.863946,0.000000,0.000000,0.000000,32236809783.976093
1150,3334742986.000000,-0.000021,0.961102,0.001503,0.008799,0.000000,0.001762,0.126406,1.000000,1.000000,0.899894,0.579914,0.261212,0.288329,0.909854,0.000205,0.463462,0.133911,0.000056,0.000056,0.038898,0.669489,0.397874,0.259349,0.017900|0.037301|0.556486|0.347240|0.023198|0.017876,0.123397,0.860001,0.235803,0.378502,0.869852,1.000000,0.621498,705441.000000,30074793.500000,0.096017,507.000000,1245.600000,0.057152,0.996150,0.842700,32,0.115108,3032.500000,6150.000000,0,1959886.500000,0.003134,1.046283,542,0,0.064858,29,0,0,141,0.555891,0.635464,0.899907,0.444109,50317.787081,579029.241496,3796889.726411,0.000000,0.000000,0.000000,32415682189.480400
1200,3371944255.000000,0.000222,0.944995,0.001760,0.008935,0.000000,0.001723,0.128191,1.000000,1.000000,0.894518,0.563258,0.263517,0.289954,0.902316,0.000197,0.462836,0.134904,0.000058,0.000056,0.055005,0.664967,0.397874,0.258648,0.017901|0.036537|0.554024|0.350450|0.023212|0.017876,0.122479,0.861332,0.237087,0.383006,0.854203,0.965669,0.616994,702899.500000,30785053.400000,0.094984,507.000000,1245.600000,0.057090,0.996000,0.841420,32,0.115108,3082.500000,6200.000000,0,1941509.375000,0.003117,1.131211,554,0,0.092738,19,0,0,134,0.558505,0.635071,0.896478,0.441495,47461.918495,581817.335368,3801940.438483,0.000000,0.000000,0.000000,32596674691.679924
1250,3410931628.000000,0.000230,0.956152,0.001588,0.008902,0.000000,0.001736,0.129949,1.000000,1.000000,0.900138,0.590925,0.264981,0.292108,0.908329,0.000208,0.464475,0.135408,0.000056,0.000057,0.043848,0.662848,0.398036,0.258864,0.017901|0.036439|0.553897|0.350532|0.023356|0.017876,0.122328,0.861370,0.238192,0.385130,0.863825,0.996463,0.614870,698996.000000,31474771.100000,0.096192,507.000000,1245.600000,0.057058,0.996650,0.844340,32,0.115108,3132.500000,6250.000000,0,1964806.375000,0.003160,1.105557,508,0,0.074782,33,0,0,142,0.563603,0.639469,0.899217,0.436397,52140.297623,586806.816058,3896487.002891,0.000000,0.000000,0.000000,32777712024.666222
1300,3455725798.000000,0.000261,0.961945,0.001109,0.008774,0.000000,0.001581,0.132299,1.000000,1.000000,0.898303,0.601951,0.260323,0.292014,0.903406,0.000205,0.465803,0.135682,0.000057,0.000057,0.038055,0.650018,0.398090,0.259025,0.017899|0.036220|0.554044|0.350763|0.023198|0.017875,0.121547,0.862339,0.242027,0.386823,0.874054,1.000000,0.613177,711361.000000,32544564.200000,0.095791,507.000000,1245.600000,0.057056,0.996550,0.851540,32,0.115108,3182.500000,6300.000000,0,1961940.750000,0.003125,1.629604,505,0,0.065754,24,0,0,158,0.564184,0.642501,0.898808,0.435816,69765.822677,613111.499899,4105028.956987,0.000000,0.000000,0.000000,32958889709.470242
1350,3475169051.000000,0.000112,0.976118,0.000735,0.008784,0.000000,0.001697,0.134922,1.000000,1.000000,0.896860,0.600188,0.260518,0.293467,0.907208,0.000201,0.465655,0.137959,0.000057,0.000057,0.023882,0.637966,0.398198,0.259889,0.017899|0.036101|0.552102|0.352886|0.023137|0.017875,0.121682,0.862391,0.242177,0.387434,0.908776,1.000000,0.612566,697417.000000,31959101.200000,0.095709,507.000000,1245.400000,0.057016,0.996500,0.859540,32,0.114695,3215.000000,6350.000000,0,1977459.375000,0.003143,1.479776,537,0,0.041497,27,1,0,150,0.565913,0.647292,0.899506,0.434087,81469.246621,628596.781448,4254074.876441,0.000000,0.000000,0.000000,33803489034.281414
1400,3487454688.000000,0.000071,0.970514,0.000795,0.008930,0.000000,0.001657,0.136794,1.000000,1.000000,0.893337,0.601011,0.261171,0.293448,0.898770,0.000203,0.463258,0.137949,0.000058,0.000058,0.029486,0.635511,0.398467,0.260752,0.017899|0.036317|0.548041|0.356876|0.022992|0.017875,0.121697,0.862490,0.243614,0.389352,0.890696,1.000000,0.610648,708573.000000,32356345.600000,0.093988,507.000000,1248.800000,0.056910,0.996600,0.847540,32,0.114695,3265.000000,6400.000000,0,1961754.000000,0.003146,1.410238,528,0,0.051415,32,0,0,155,0.568419,0.643227,0.898872,0.431581,43753.819143,603565.427681,4058359.386629,0.000000,0.000000,0.000000,33986586898.587189
1450,3503943642.000000,0.000094,0.952147,0.001783,0.008975,0.000000,0.002001,0.138550,1.000000,1.000000,0.898991,0.594842,0.265956,0.293370,0.904171,0.000203,0.465613,0.138063,0.000060,0.000059,0.047853,0.634489,0.399547,0.261885,0.017899|0.035923|0.548064|0.357453|0.022787|0.017875,0.121723,0.862898,0.245935,0.390424,0.862083,0.980234,0.609576,699461.000000,33001229.800000,0.094853,507.000000,1248.800000,0.056744,0.995800,0.845260,32,0.114695,3315.000000,6450.000000,0,1967976.500000,0.003130,1.474962,518,0,0.083838,28,0,0,188,0.571134,0.641084,0.902226,0.428866,26880.382902,579255.978951,3863784.020339,0.000000,0.000000,0.000000,34169164750.854916
1500,3524772843.000000,0.000119,0.935844,0.002710,0.008851,0.000000,0.001289,0.139262,1.000000,1.000000,0.897879,0.593138,0.266112,0.295801,0.903066,0.000203,0.464662,0.139627,0.000063,0.000061,0.064156,0.628733,0.399547,0.261292,0.017900|0.035944|0.548136|0.357161|0.022985|0.017875,0.121901,0.862408,0.248183,0.396472,0.831250,0.949936,0.603528,703347.000000,32754662.800000,0.094064,507.000000,1248.800000,0.056741,0.996700,0.849780,32,0.114695,3365.000000,6500.000000,0,1950943.375000,0.003112,1.287418,509,0,0.113068,32,0,0,146,0.574115,0.636006,0.905330,0.425885,21281.818504,561647.486585,3752016.611194,0.000000,0.000000,0.000000,34353146387.934654
1550,3549301433.000000,0.000139,0.933113,0.002732,0.008779,0.000000,0.001912,0.140116,1.000000,1.000000,0.898616,0.601380,0.261421,0.296123,0.904737,0.000213,0.467704,0.138323,0.000063,0.000062,0.066887,0.676872,0.399547,0.262803,0.017899|0.035777|0.551722|0.353918|0.022809|0.017875,0.121795,0.862740,0.248658,0.395215,0.828577,0.950454,0.604785,723679.000000,32024637.400000,0.094223,507.000000,1247.900000,0.056688,0.996750,0.850750,32,0.114286,3400.000000,6550.000000,0,1961263.500000,0.003109,1.532447,554,0,0.118701,32,1,0,155,0.578063,0.638120,0.906275,0.421937,22122.307226,563513.027027,3770748.310321,0.000000,0.000000,0.000000,35197061011.240997
1600,3574286041.000000,0.000140,0.921162,0.002271,0.008889,0.000700,0.001407,0.141107,1.000000,1.000000,0.900270,0.606374,0.267007,0.297268,0.903941,0.000205,0.467707,0.139743,0.000064,0.000063,0.078838,0.671526,0.400410,0.262965,0.017899|0.036121|0.549925|0.355424|0.022757|0.017875,0.120893,0.863595,0.248863,0.398290,0.804587,0.935288,0.601710,700484.500000,32166614.300000,0.094530,507.000000,1247.900000,0.056594,0.996700,0.851900,32,0.114286,3450.000000,6600.000000,2,1946181.625000,0.003081,1.508755,505,0,0.140895,29,0,0,165,0.579363,0.637944,0.905779,0.420637,27117.422342,577666.042700,3869452.665311,0.000000,0.000000,0.000000,35378354738.232521
1650,3574099233.000000,-0.000001,0.927464,0.002309,0.008994,0.000000,0.008854,0.140842,1.000000,1.000000,0.900106,0.599579,0.263409,0.295744,0.906471,0.000200,0.468936,0.136351,0.000062,0.000062,0.072536,0.668431,0.400896,0.263396,0.017898|0.035747|0.547977|0.357678|0.022826|0.017875,0.121700,0.862710,0.253373,0.401362,0.823334,0.942285,0.598638,765808.000000,33182774.500000,0.093781,507.000000,1247.900000,0.056503,0.997000,0.851810,32,0.114286,3500.000000,6650.000000,0,1949417.875000,0.003110,1.390857,553,0,0.129626,36,0,0,161,0.582289,0.638858,0.906103,0.417711,21007.295544,567717.330114,3813178.819797,0.000000,0.000000,0.000000,35562134910.874771
1700,3567771651.000000,-0.000035,0.895538,0.002940,0.008921,0.000000,0.009107,0.141511,1.000000,1.000000,0.900174,0.586646,0.265755,0.296465,0.903889,0.000200,0.468087,0.136551,0.000063,0.000063,0.104462,0.667389,0.400950,0.263882,0.017899|0.035910|0.550232|0.355282|0.022804|0.017875,0.121162,0.863216,0.253734,0.402401,0.787581,0.894488,0.597599,723166.500000,31397918.900000,0.092936,507.000000,1247.900000,0.056411,0.997350,0.852150,32,0.114286,3550.000000,6700.000000,0,1951506.000000,0.003075,1.568797,549,0,0.186348,35,0,0,166,0.586200,0.637900,0.909244,0.413800,11086.387132,546414.693592,3680750.574249,0.000000,0.000000,0.000000,35745962587.931313
1750,3584223266.000000,0.000092,0.890667,0.003678,0.008787,0.000000,0.007855,0.140084,1.000000,1.000000,0.899988,0.588100,0.266043,0.296463,0.904855,0.000194,0.468351,0.136768,0.000064,0.000063,0.109333,0.665097,0.401435,0.265393,0.017899|0.035711|0.551344|0.354215|0.022958|0.017875,0.121408,0.863003,0.255450,0.404691,0.774066,0.882501,0.595309,735049.000000,31454739.000000,0.091336,506.000000,1256.000000,0.056240,0.996900,0.850600,32,0.113879,3585.000000,6750.000000,0,1949299.875000,0.003128,1.586191,525,0,0.195937,29,1,0,142,0.587543,0.634988,0.910960,0.412457,8478.349522,537608.131707,3607571.308666,0.000000,0.000000,0.000000,35964162099.158508
1800,3603026064.000000,0.000105,0.890963,0.003471,0.008827,0.000000,0.011103,0.140475,1.000000,1.000000,0.897805,0.585097,0.262383,0.297239,0.902942,0.000196,0.468236,0.137421,0.000065,0.000063,0.109037,0.662583,0.401651,0.264746,0.017900|0.035696|0.549194|0.356293|0.023044|0.017875,0.121118,0.863158,0.256330,0.407211,0.780037,0.886707,0.592789,758120.500000,31603794.200000,0.091733,505.500000,1255.100000,0.056189,0.997100,0.849320,32,0.113475,3607.500000,6800.000000,0,1974430.000000,0.003088,1.409544,552,0,0.196432,28,1,0,160,0.592859,0.637522,0.911446,0.407141,20468.217174,551374.299050,3718626.141093,0.000000,0.000000,0.000000,36813680336.115776
1850,3630557770.000000,0.000152,0.918597,0.002574,0.008968,0.000000,0.009239,0.140787,1.000000,1.000000,0.899337,0.588178,0.264386,0.298511,0.906738,0.000200,0.470406,0.138095,0.000063,0.000063,0.081403,0.660162,0.401651,0.264530,0.017898|0.035966|0.551708|0.353454|0.023099|0.017874,0.120635,0.863476,0.257499,0.409647,0.802365,0.932683,0.590353,728101.000000,32085224.000000,0.092665,504.000000,1254.200000,0.056189,0.997400,0.852620,32,0.113074,3635.000000,6850.000000,0,1978346.875000,0.003057,1.876798,512,0,0.147770,34,1,0,146,0.595204,0.640250,0.910273,0.404796,41972.637202,579434.267652,3952107.671029,0.000000,0.000000,0.000000,37051541154.713585
1900,3629368410.000000,-0.000007,0.941808,0.002093,0.008967,0.000000,0.010723,0.140563,1.000000,1.000000,0.900226,0.585948,0.262330,0.298836,0.908746,0.000195,0.471007,0.138145,0.000062,0.000064,0.058192,0.653181,0.401651,0.265663,0.017897|0.035814|0.552419|0.353072|0.022924|0.017874,0.120853,0.863448,0.256574,0.411429,0.832405,0.970607,0.588571,749527.000000,32420508.000000,0.093739,505.000000,1252.400000,0.056039,0.997700,0.859060,32,0.112281,3660.000000,6900.000000,0,1976616.500000,0.003087,1.445591,555,0,0.105600,39,2,0,177,0.595671,0.645552,0.908647,0.404329,71795.825496,603716.888358,4151764.481115,0.000000,0.000000,0.000000,37888281429.185928
1950,3616567047.000000,-0.000071,0.952051,0.001817,0.008836,0.000000,0.002718,0.141969,1.000000,1.000000,0.901253,0.584571,0.264289,0.302724,0.910191,0.000195,0.470741,0.140260,0.000065,0.000067,0.047949,0.643363,0.401867,0.265987,0.017899|0.035795|0.553618|0.352008|0.022806|0.017874,0.120326,0.864072,0.257299,0.414150,0.860474,0.981468,0.585850,733316.000000,31888583.400000,0.094459,505.000000,1252.400000,0.055986,0.997900,0.865760,32,0.112281,3710.000000,6950.000000,0,1959817.250000,0.003068,1.973674,542,0,0.086705,38,0,0,166,0.600758,0.648357,0.909091,0.399242,67995.126538,603339.601739,4158008.751974,0.000000,0.000000,0.000000,38068643091.216736
2000,3623865683.000000,0.000040,0.939015,0.002294,0.008798,0.000000,0.000000,0.142705,1.000000,1.000000,0.900277,0.572747,0.267042,0.303720,0.908334,0.000204,0.471726,0.140420,0.000067,0.000067,0.060985,0.640913,0.401921,0.265609,0.017898|0.035604|0.552876|0.352952|0.022796|0.017874,0.121064,0.863493,0.260237,0.416689,0.822265,0.966006,0.583311,748379.000000,32014502.000000,0.092698,504.000000,1251.500000,0.055986,0.998900,0.879750,31,0.108392,3747.500000,7000.000000,0,1959906.250000,0.003078,1.443062,557,0,0.110500,36,1,0,172,0.602584,0.645635,0.909027,0.397416,42988.130487,583167.877639,3986631.803925,0.000000,0.000000,0.000000,38545543925.452782
2025,3616685193.000000,-0.000079,0.935486,0.002289,0.008860,0.000000,0.002720,0.145210,1.000000,1.000000,0.899538,0.567349,0.264265,0.302351,0.906818,0.000198,0.471718,0.140163,0.000068,0.000069,0.064514,0.639321,0.401975,0.265609,0.017897|0.035598|0.552652|0.353112|0.022867|0.017874,0.121618,0.862715,0.260996,0.418345,0.827210,0.965723,0.581655,742995.500000,32633653.500000,0.093196,504.000000,1251.500000,0.055986,0.997750,0.864700,31,0.108392,3772.500000,7025.000000,0,1965908.500000,0.003120,1.606273,269,1,0.058332,15,0,0,68,0.602303,0.645087,0.911380,0.397697,27996.058122,573343.389368,3920921.740281,0.000000,0.000000,0.000000,38633576637.387535
