year,world_pop_total,world_pop_growth_rate_annual,world_food_adequacy_index,world_famine_death_rate,world_disease_death_rate,world_war_death_rate,world_trade_intensity,world_urban_share_proxy,world_tech_capability_index_median,world_tech_capability_index_p90,world_state_capacity_index_median,world_state_capacity_index_p10,competition_fragmentation_index_median,idea_market_integration_index_median,credible_commitment_index_median,relative_factor_price_index_median,media_throughput_index_median,merchant_power_index_median,skilled_migration_in_rate_t,skilled_migration_out_rate_t,migration_rate_t,famine_exposure_share_t,habitable_cell_share_pop_gt_0,habitable_cell_share_pop_gt_small,pop_share_by_lat_band,pop_share_coastal_vs_inland,pop_share_river_proximal,market_access_p10,market_access_median,food_adequacy_p10,food_adequacy_median,travel_cost_index_median,country_pop_median,country_pop_p90,country_pop_top1_share,country_area_median,country_area_p90,country_area_top1_share,control_median,control_p10,founder_state_count,founder_state_share,median_state_age_years,p90_state_age_years,wars_active_count,city_pop_top1,city_pop_top10_sum_share,city_tail_index,famine_wave_count,epidemic_wave_count,major_war_count,election_count,civil_conflict_count,fragmentation_count,mass_migration_count,logistics_capability_index,storage_capability_index,health_capability_index,transport_cost_index,spoilage_kcal,storage_loss_kcal,available_kcal_before_losses,trade_volume_total,trade_volume_long,long_distance_trade_proxy,extraction_index
-5000,16915427.000000,0.000000,0.998876,0.000031,0.008466,0.000000,0.001841,0.023974,0.280095,0.280147,0.681650,0.638758,0.050096,0.177325,0.672270,0.001312,0.375567,0.036117,0.000003,0.000003,0.026974,0.004337,0.090541,0.082678,0.052562|0.306614|0.452215|0.120947|0.049863|0.017857,0.335934,0.387846,0.094195,0.113455,1.000000,1.000000,0.886545,158629.000000,303056.800000,0.035890,289.000000,849.200000,0.029522,0.818600,0.692480,97,1.000000,0.000000,0.000000,0,0.000000,0.000000,0.000000,1,0,0.000000,0,0,0,0,0.239841,0.837123,0.740494,0.760159,137271.667028,170953.614796,1008442.723328,0.000000,0.000000,0.000000,208801.937543
-4950,22812618.000000,0.003000,0.977292,0.000810,0.008544,0.000000,0.000939,0.023628,0.286784,0.288235,0.884566,0.791833,0.056902,0.204427,0.907742,0.000754,0.423479,0.047754,0.000006,0.000006,0.022708,0.004218,0.125871,0.105538,0.037181|0.306281|0.466486|0.122373|0.050415|0.017857,0.302530,0.469813,0.108404,0.131751,0.936688,1.000000,0.868249,205824.000000,430017.600000,0.038580,333.000000,960.200000,0.052485,0.988300,0.883260,90,0.927835,50.000000,50.000000,0,0.000000,0.000000,0.000000,28,0,0.000259,0,1,0,9,0.284477,0.590197,0.828780,0.715523,982.793031,57011.831914,366522.293282,0.000000,0.000000,0.000000,12450374.839256
-4900,26386078.000000,0.002229,0.971694,0.000953,0.008439,0.000000,0.001529,0.023778,0.293791,0.297374,0.892169,0.714860,0.058660,0.204421,0.911955,0.000674,0.415846,0.047959,0.000008,0.000008,0.028306,0.722417,0.136542,0.103685,0.034589|0.309561|0.465501|0.122424|0.050366|0.017857,0.302489,0.483621,0.107888,0.129202,0.915791,1.000000,0.870798,229276.000000,520918.000000,0.039211,319.000000,926.000000,0.056444,0.987400,0.868200,84,0.831683,100.000000,100.000000,0,174.886047,0.000014,0.642284,24,0,0.000373,0,6,0,3,0.285861,0.590487,0.831417,0.714139,937.821775,48100.829962,308118.263795,0.000000,0.000000,0.000000,29736874.541247
-4850,29862082.000000,0.002120,0.980188,0.000659,0.008289,0.000000,0.000905,0.024008,0.300481,0.306752,0.892888,0.630501,0.064708,0.204430,0.913483,0.000673,0.409339,0.050258,0.000011,0.000010,0.019812,0.719359,0.146091,0.098405,0.030995|0.310449|0.467316|0.123187|0.050367|0.017857,0.301039,0.493819,0.105829,0.132024,0.937350,1.000000,0.867976,234989.000000,599074.600000,0.040530,355.000000,921.200000,0.054093,0.990500,0.809240,79,0.752381,150.000000,150.000000,0,545.454895,0.000048,0.366111,26,0,0.000296,0,5,0,3,0.288885,0.598509,0.834598,0.711115,1439.651289,45619.206085,281025.280913,0.000000,0.000000,0.000000,48851289.721957
-4800,33516623.000000,0.002078,0.988242,0.000415,0.008329,0.000000,0.000833,0.024234,0.307130,0.315403,0.891543,0.610369,0.096956,0.205807,0.910878,0.000614,0.405824,0.051352,0.000014,0.000012,0.011758,0.711550,0.154853,0.086947,0.027295|0.315068|0.466619|0.122748|0.050551|0.017857,0.300570,0.500075,0.107598,0.139261,0.968598,1.000000,0.860739,255140.500000,634301.800000,0.040885,360.000000,920.000000,0.052545,0.990150,0.822040,73,0.675926,200.000000,200.000000,0,3812.452148,0.000259,0.101056,50,0,0.000197,0,4,0,9,0.295293,0.602756,0.836452,0.704707,1874.585492,46094.446906,283354.252007,0.000000,0.000000,0.000000,67490330.167601
-4750,37536690.000000,0.002067,0.993360,0.000237,0.008448,0.000000,0.000800,0.024484,0.314449,0.324530,0.896524,0.642365,0.096627,0.210182,0.914724,0.000589,0.406895,0.052709,0.000015,0.000013,0.006640,0.708285,0.161705,0.075938,0.024723|0.316608|0.467880|0.121979|0.051059|0.017857,0.292134,0.510846,0.109777,0.142320,0.990330,1.000000,0.857680,304549.500000,723253.600000,0.040974,380.500000,924.800000,0.051704,0.991800,0.826530,71,0.657407,250.000000,250.000000,0,4173.652832,0.000322,0.105335,53,0,0.000125,0,1,0,11,0.299855,0.611188,0.839031,0.700145,1874.749566,47231.502090,296362.991386,0.000000,0.000000,0.000000,87677109.973924
-4700,41842564.000000,0.002044,0.986941,0.000410,0.008436,0.000350,0.001056,0.024851,0.322263,0.333986,0.896312,0.600935,0.098212,0.206139,0.914954,0.000514,0.407202,0.052542,0.000016,0.000013,0.013059,0.706061,0.167490,0.069928,0.022808|0.321655|0.464956|0.121106|0.051736|0.017857,0.287468,0.517588,0.113331,0.144413,0.945919,1.000000,0.855587,352227.000000,833927.400000,0.041921,394.000000,934.400000,0.055410,0.992000,0.814840,70,0.654206,300.000000,300.000000,1,3989.055176,0.000327,0.112432,69,0,0.000273,0,0,0,15,0.301461,0.605843,0.839716,0.698539,1708.289895,30179.994246,181615.477396,0.000000,0.000000,0.000000,110098853.655959
-4650,46431605.000000,0.002021,0.986792,0.000447,0.008287,0.000700,0.000000,0.025075,0.329474,0.344321,0.894243,0.600129,0.104672,0.205239,0.913664,0.000600,0.405444,0.053335,0.000015,0.000013,0.013208,0.703620,0.173669,0.065996,0.021381|0.323546|0.464459|0.120057|0.052802|0.017857,0.279365,0.529248,0.113425,0.146718,0.952687,1.000000,0.853282,369222.000000,838617.600000,0.043633,383.000000,927.000000,0.054595,0.992100,0.827400,68,0.623853,350.000000,350.000000,2,4349.507812,0.000323,0.155788,83,0,0.000307,0,2,0,19,0.304628,0.607301,0.839500,0.695372,1789.403454,42870.732216,258833.878243,0.000000,0.000000,0.000000,139909526.631520
-4600,51687958.000000,0.002037,0.992295,0.000259,0.008231,0.000000,0.000000,0.025458,0.336007,0.355115,0.896889,0.597553,0.106263,0.211082,0.915699,0.000526,0.407364,0.054691,0.000016,0.000016,0.007705,0.699636,0.179510,0.064817,0.020521|0.324764|0.464387|0.118994|0.053564|0.017857,0.276637,0.535242,0.115502,0.150493,0.984406,1.000000,0.849507,385965.000000,949597.100000,0.044077,391.500000,926.000000,0.057118,0.992550,0.825740,68,0.618182,400.000000,400.000000,0,4074.834229,0.000321,0.144950,87,0,0.000199,0,1,0,17,0.308316,0.614688,0.840465,0.691684,2868.090509,36621.227736,219682.578869,0.000000,0.000000,0.000000,176009459.802836
-4550,57130390.000000,0.002001,0.994021,0.000163,0.008342,0.000000,0.000742,0.025873,0.342869,0.365713,0.894018,0.607685,0.101174,0.211760,0.913267,0.000392,0.407852,0.054839,0.000017,0.000015,0.005979,0.695765,0.186587,0.064311,0.019937|0.325472|0.462287|0.120285|0.054242|0.017857,0.282508,0.534793,0.119312,0.154181,1.000000,1.000000,0.845819,378677.000000,1019824.000000,0.044886,394.000000,919.000000,0.056156,0.991500,0.798500,67,0.603604,450.000000,450.000000,0,4829.290527,0.000421,0.129083,95,0,0.000171,0,4,0,14,0.310891,0.635623,0.841074,0.689110,4716.862885,33531.044648,196788.820070,0.000000,0.000000,0.000000,209332929.189285
-4500,63585569.000000,0.002143,0.999516,0.000029,0.008387,0.000000,0.001194,0.026329,0.350235,0.377699,0.893236,0.588970,0.100589,0.210848,0.912015,0.000385,0.407059,0.055370,0.000018,0.000015,0.000484,0.693083,0.195630,0.066670,0.019590|0.327577|0.457950|0.122375|0.054740|0.017857,0.279633,0.542699,0.120157,0.156751,1.000000,1.000000,0.843249,427258.000000,1215348.200000,0.045256,399.000000,931.800000,0.054656,0.990500,0.795340,67,0.592920,500.000000,500.000000,0,4664.231445,0.000417,0.212203,86,0,0.000015,0,3,0,20,0.314887,0.629781,0.842214,0.685113,4544.379947,26145.748292,151311.287730,0.000000,0.000000,0.000000,246733106.813565
-4450,70680138.000000,0.002118,0.997794,0.000028,0.008311,0.000000,0.001270,0.026788,0.357247,0.389843,0.890451,0.595795,0.102294,0.216494,0.907393,0.000465,0.408108,0.056842,0.000018,0.000015,0.002206,0.690224,0.200067,0.068299,0.019343|0.326887|0.457963|0.124428|0.053802|0.017857,0.277920,0.549412,0.122171,0.159502,1.000000,1.000000,0.840499,458591.500000,1379036.300000,0.045424,400.000000,930.200000,0.054029,0.990100,0.801100,67,0.587719,550.000000,550.000000,0,4460.885742,0.000386,0.193295,119,0,0.000078,0,2,0,11,0.318434,0.620541,0.842103,0.681566,3821.234982,27854.201257,159288.548234,0.000000,0.000000,0.000000,285621760.331061
-4400,78080091.000000,0.001993,0.989037,0.000528,0.008229,0.000000,0.001106,0.027429,0.362526,0.402099,0.888964,0.591369,0.103780,0.214874,0.905826,0.000460,0.408688,0.056505,0.000020,0.000015,0.010963,0.687764,0.204729,0.070658,0.019137|0.324627|0.461364|0.126762|0.050778|0.017857,0.281627,0.552216,0.123128,0.161877,0.949589,1.000000,0.838123,493917.000000,1535417.000000,0.045452,402.000000,928.600000,0.053101,0.990000,0.771960,63,0.547826,600.000000,600.000000,0,5791.837402,0.000393,0.371731,144,0,0.000428,0,1,0,19,0.321565,0.604450,0.841527,0.678435,2000.256617,26855.081250,154003.732885,0.000000,0.000000,0.000000,330646642.178244
-4350,86027694.000000,0.001941,0.990105,0.000371,0.008296,0.000000,0.000853,0.028154,0.368809,0.410960,0.888487,0.597654,0.107762,0.213156,0.898828,0.000427,0.408361,0.056536,0.000019,0.000015,0.009895,0.685455,0.208212,0.070321,0.018839|0.318263|0.467115|0.128921|0.049350|0.017857,0.281801,0.557844,0.124331,0.164115,0.963421,1.000000,0.835885,519622.000000,1740894.000000,0.046507,393.500000,927.000000,0.052667,0.990100,0.792850,62,0.534483,650.000000,650.000000,0,6520.457520,0.000386,0.292233,131,0,0.000426,0,1,0,14,0.322694,0.603496,0.842335,0.677307,1988.982321,26506.793186,152036.154772,0.000000,0.000000,0.000000,383601693.344922
-4300,94558435.000000,0.001893,0.985147,0.000577,0.008423,0.000000,0.000000,0.028987,0.377360,0.421879,0.887009,0.580655,0.109114,0.217740,0.904661,0.000393,0.408435,0.058593,0.000019,0.000016,0.014853,0.683373,0.210739,0.070490,0.018739|0.309653|0.475353|0.131471|0.047249|0.017857,0.280935,0.567414,0.126782,0.166140,0.935713,1.000000,0.833860,529368.000000,2024450.400000,0.046856,379.000000,922.200000,0.051959,0.991000,0.818500,61,0.512605,700.000000,700.000000,0,7588.874023,0.000387,0.318963,128,0,0.000702,0,3,0,19,0.325770,0.601246,0.843495,0.674230,2083.948199,25009.594184,139236.839836,0.000000,0.000000,0.000000,444884656.143228
-4250,102822675.000000,0.001677,0.984767,0.000523,0.008410,0.000000,0.000362,0.029940,0.381982,0.434647,0.887768,0.595908,0.126900,0.219314,0.894571,0.000375,0.409241,0.062010,0.000019,0.000016,0.015233,0.680618,0.215289,0.073579,0.018596|0.293667|0.488926|0.135602|0.045625|0.017857,0.289976,0.566643,0.131068,0.168828,0.937187,1.000000,0.831172,519931.500000,2223929.000000,0.047509,397.000000,917.000000,0.049779,0.988200,0.798100,60,0.500000,730.000000,750.000000,0,9772.394531,0.000435,0.411436,157,1,0.000783,0,4,0,32,0.326728,0.607125,0.843526,0.673272,2848.929737,25616.315622,144567.505614,0.000000,0.000000,0.000000,492777066.297457
-4200,111786687.000000,0.001673,0.978408,0.000596,0.008282,0.000000,0.000592,0.031093,0.390182,0.446462,0.887516,0.596510,0.109683,0.220667,0.890783,0.000353,0.411665,0.060152,0.000018,0.000016,0.021592,0.678229,0.217423,0.075713,0.018495|0.277714|0.501967|0.140108|0.044177|0.017857,0.291651,0.570203,0.132774,0.171168,0.902382,1.000000,0.828832,522200.000000,2346776.900000,0.049149,397.000000,956.000000,0.049403,0.988600,0.823880,58,0.483333,735.000000,800.000000,0,11235.436523,0.000500,0.438791,165,0,0.001207,0,2,0,30,0.331034,0.600271,0.844672,0.668966,2114.316816,26942.592429,151237.164331,0.000000,0.000000,0.000000,537289963.979753
-4150,122163814.000000,0.001777,0.954056,0.001084,0.008285,0.000700,0.000819,0.032499,0.397862,0.459440,0.883736,0.590543,0.142163,0.218347,0.879948,0.000357,0.408860,0.059255,0.000019,0.000016,0.045944,0.676245,0.220007,0.079757,0.018388|0.265748|0.513574|0.143481|0.041226|0.017857,0.293940,0.579899,0.131450,0.173119,0.869565,1.000000,0.826882,520580.000000,2502537.200000,0.048208,407.000000,1012.300000,0.053215,0.986500,0.801850,56,0.466667,770.000000,850.000000,2,13423.364258,0.000518,0.358048,162,1,0.002806,0,0,0,33,0.333482,0.593243,0.843163,0.666518,1025.522314,26583.763381,149327.782658,0.000000,0.000000,0.000000,583173005.446832
-4100,133524277.000000,0.001780,0.931736,0.001579,0.008435,0.000000,0.000844,0.033940,0.405222,0.471318,0.878746,0.597764,0.144246,0.220045,0.878875,0.000351,0.410587,0.061937,0.000019,0.000017,0.068264,0.673460,0.221130,0.080375,0.018272|0.248254|0.526824|0.148203|0.040841|0.017857,0.298968,0.581522,0.137842,0.175864,0.808579,0.962291,0.824137,556603.500000,2962956.700000,0.051697,412.000000,1012.300000,0.052973,0.985800,0.808290,56,0.466667,820.000000,900.000000,0,14024.873047,0.000491,0.396865,169,0,0.004557,0,0,0,37,0.335500,0.591948,0.845427,0.664500,943.058368,27862.105196,157924.780077,0.000000,0.000000,0.000000,629452441.480606
-4050,146537269.000000,0.001862,0.919712,0.001942,0.008477,0.000000,0.000000,0.035509,0.413144,0.482736,0.881077,0.571620,0.143174,0.219872,0.871815,0.000349,0.409180,0.062470,0.000020,0.000017,0.080288,0.670942,0.222253,0.082060,0.018245|0.232876|0.539194|0.152391|0.039689|0.017857,0.299647,0.588016,0.137645,0.178357,0.796235,0.942284,0.821643,499681.000000,3350873.100000,0.051280,412.000000,944.900000,0.052359,0.986350,0.807530,56,0.459016,870.000000,950.000000,0,17696.091797,0.000564,0.520406,166,0,0.005883,0,2,0,32,0.337807,0.591736,0.845012,0.662193,757.427957,29712.381133,169008.589401,0.000000,0.000000,0.000000,717906134.823768
-4000,161700211.000000,0.001971,0.953008,0.000995,0.008354,0.000000,0.000000,0.037601,0.419586,0.495012,0.859982,0.562441,0.151062,0.221442,0.848002,0.000334,0.410400,0.063994,0.000020,0.000018,0.046992,0.669838,0.225848,0.083521,0.018163|0.222016|0.548590|0.155851|0.037742|0.017857,0.299918,0.594310,0.138948,0.179453,0.849276,1.000000,0.820547,553894.000000,3704500.700000,0.051544,411.000000,966.600000,0.051658,0.986250,0.805030,56,0.451613,912.500000,1000.000000,0,20451.533203,0.000577,0.511697,161,0,0.003799,0,4,0,28,0.339639,0.589250,0.837831,0.660361,3101.868570,35293.316252,203923.475512,0.000000,0.000000,0.000000,770060913.987027
-3950,178219673.000000,0.001947,0.957530,0.000898,0.008296,0.000000,0.000884,0.039844,0.427572,0.508467,0.863025,0.583534,0.153558,0.222767,0.863297,0.000304,0.409072,0.063909,0.000019,0.000018,0.042470,0.668857,0.229836,0.084475,0.018122|0.208506|0.559812|0.159760|0.036148|0.017857,0.303433,0.598443,0.138661,0.180430,0.851152,1.000000,0.819570,560621.000000,4238995.400000,0.054008,398.000000,1007.000000,0.050704,0.980300,0.787660,54,0.425197,935.000000,1050.000000,0,23260.039062,0.000548,0.524065,172,0,0.003785,0,5,0,43,0.338610,0.591056,0.842057,0.661390,5397.185062,39736.985617,235714.839671,0.000000,0.000000,0.000000,819083515.854023
-3900,195438138.000000,0.001846,0.967837,0.000611,0.008419,0.000000,0.000000,0.042356,0.436245,0.521869,0.870779,0.573350,0.145654,0.220465,0.872631,0.000294,0.409015,0.064618,0.000020,0.000018,0.032163,0.667082,0.231465,0.086891,0.018082|0.190797|0.574623|0.163141|0.035783|0.017857,0.307637,0.599981,0.133655,0.182199,0.876695,1.000000,0.817801,547196.000000,4428047.900000,0.052174,400.000000,1012.300000,0.050107,0.985300,0.796390,49,0.376923,937.500000,1100.000000,0,30030.638672,0.000578,0.564391,181,0,0.003143,0,4,0,47,0.341635,0.593633,0.839923,0.658365,6050.483048,44248.853572,260099.440967,0.000000,0.000000,0.000000,1042008666.076815
-3850,215932818.000000,0.001996,0.964657,0.000607,0.008539,0.000000,0.000676,0.045732,0.443532,0.536680,0.869865,0.590016,0.145823,0.220511,0.869015,0.000273,0.409585,0.065903,0.000019,0.000018,0.035343,0.663558,0.234723,0.088407,0.018027|0.178478|0.585994|0.165608|0.034348|0.017857,0.309136,0.604710,0.141325,0.185721,0.881248,1.000000,0.814280,573503.500000,4958977.400000,0.055550,400.000000,1039.300000,0.049538,0.985050,0.787620,49,0.376923,980.000000,1150.000000,0,35670.632812,0.000551,0.612912,184,0,0.003816,0,0,0,32,0.340665,0.591176,0.841375,0.659335,4986.175354,46739.649859,277825.995517,0.000000,0.000000,0.000000,1085491068.430835
-3800,239409362.000000,0.002066,0.965963,0.000462,0.008499,0.000000,0.000938,0.049119,0.448784,0.551768,0.874278,0.561260,0.145630,0.224746,0.870286,0.000272,0.409135,0.069255,0.000019,0.000018,0.034037,0.660904,0.236408,0.090598,0.018002|0.166706|0.595841|0.168704|0.033140|0.017857,0.310650,0.609324,0.143678,0.188387,0.874688,1.000000,0.811613,571409.500000,5251696.000000,0.053383,400.000000,1054.600000,0.048834,0.984700,0.773570,49,0.371212,1025.000000,1200.000000,0,43449.335938,0.000592,0.735897,210,0,0.004074,0,2,0,36,0.345425,0.594678,0.841892,0.654575,8615.639048,51469.707822,310341.476786,0.000000,0.000000,0.000000,1144086946.595668
-3750,264427148.000000,0.001990,0.976306,0.000319,0.008381,0.000000,0.000000,0.052731,0.452024,0.566407,0.850136,0.541076,0.159998,0.226995,0.848789,0.000256,0.407930,0.072273,0.000019,0.000018,0.023694,0.656493,0.237643,0.093125,0.017991|0.151726|0.607707|0.172617|0.032318|0.017857,0.313530,0.613378,0.139164,0.192836,0.906419,1.000000,0.807164,544464.000000,6281920.800000,0.053199,396.000000,1073.200000,0.048324,0.976400,0.786140,46,0.340741,935.000000,1250.000000,0,48191.121094,0.000591,0.725750,202,0,0.003133,0,3,0,46,0.349103,0.593517,0.833891,0.650897,14434.147935,60652.478346,375885.115704,0.000000,0.000000,0.000000,1245326482.710613
-3700,293582575.000000,0.002094,0.992546,0.000123,0.008450,0.000000,0.000755,0.057586,0.459926,0.580204,0.847122,0.579180,0.164513,0.227639,0.838534,0.000264,0.409625,0.079998,0.000019,0.000019,0.007454,0.649487,0.239328,0.094024,0.017974|0.140688|0.617287|0.175416|0.030969|0.017857,0.316092,0.617815,0.151432,0.199950,0.976789,1.000000,0.800050,572359.000000,7303039.000000,0.052407,400.000000,1070.500000,0.047595,0.977450,0.780500,46,0.338235,942.500000,1300.000000,0,59204.351562,0.000625,0.703223,218,0,0.001094,0,1,0,41,0.352032,0.604013,0.833922,0.647968,23566.722589,71296.643476,455478.700029,0.000000,0.000000,0.000000,1292534404.445083
-3650,325895254.000000,0.002091,0.995323,0.000035,0.008596,0.000000,0.000778,0.063552,0.470525,0.597388,0.835112,0.589325,0.145230,0.230315,0.808119,0.000263,0.410017,0.082315,0.000020,0.000019,0.004677,0.647501,0.241013,0.095821,0.017961|0.129298|0.626444|0.178299|0.030327|0.017857,0.320018,0.619721,0.153156,0.201989,1.000000,1.000000,0.798011,588688.500000,8255336.400000,0.051214,405.000000,1072.600000,0.046715,0.982050,0.785550,43,0.311594,905.000000,1350.000000,0,75543.820312,0.000739,0.790735,199,0,0.000762,0,2,0,40,0.356414,0.608146,0.834291,0.643586,22120.347315,78005.373003,493181.398966,0.000000,0.000000,0.000000,1527564731.065412
-3600,360569032.000000,0.002024,0.988947,0.000164,0.008639,0.000700,0.000000,0.069907,0.478184,0.612188,0.811079,0.547308,0.182056,0.229473,0.775564,0.000293,0.406234,0.083315,0.000021,0.000020,0.011053,0.645680,0.241800,0.096664,0.017951|0.117791|0.634660|0.182813|0.028954|0.017857,0.318922,0.626803,0.144528,0.203864,0.954172,1.000000,0.796136,553757.000000,9357514.000000,0.051426,402.000000,1088.000000,0.044891,0.979100,0.796000,43,0.304965,910.000000,1400.000000,2,87636.187500,0.000779,0.906619,218,0,0.001993,0,3,0,63,0.354285,0.600674,0.819190,0.645715,13876.370533,78827.978623,490530.368410,0.000000,0.000000,0.000000,1717587194.493901
-3550,399085057.000000,0.002032,0.985697,0.000207,0.008529,0.000000,0.000543,0.077394,0.487323,0.629613,0.810200,0.592975,0.147548,0.230149,0.772090,0.000286,0.406507,0.085249,0.000020,0.000020,0.014303,0.642662,0.242754,0.095484,0.017942|0.107791|0.640374|0.187559|0.028496|0.017857,0.319667,0.630581,0.158177,0.206980,0.948779,1.000000,0.793020,567582.000000,10072089.000000,0.051104,408.000000,1093.000000,0.044340,0.976300,0.786100,43,0.304965,960.000000,1450.000000,0,117568.890625,0.000799,0.903726,216,0,0.002854,0,0,0,38,0.357930,0.600184,0.823327,0.642070,10818.936705,83569.823719,518941.688241,0.000000,0.000000,0.000000,1763947072.853868
-3500,444329637.000000,0.002150,0.980562,0.000227,0.008493,0.000000,0.000395,0.085266,0.491316,0.648735,0.812954,0.579400,0.146275,0.232047,0.778993,0.000289,0.411556,0.094249,0.000021,0.000021,0.019438,0.640636,0.245450,0.097731,0.017934|0.100822|0.644119|0.191461|0.027832|0.017857,0.320478,0.633006,0.159994,0.209082,0.917927,1.000000,0.790918,603649.000000,11077382.000000,0.050629,408.000000,1105.000000,0.043871,0.977300,0.776300,42,0.297872,1010.000000,1500.000000,0,123287.953125,0.000810,0.926247,185,0,0.004318,0,0,0,49,0.361752,0.593627,0.829577,0.638248,12179.446541,92217.802905,575657.565334,0.000000,0.000000,0.000000,1812744323.059696
-3450,494731437.000000,0.002151,0.986534,0.000113,0.008688,0.000000,0.000350,0.093605,0.495374,0.662365,0.832759,0.573239,0.147088,0.234710,0.814857,0.000267,0.412305,0.097282,0.000022,0.000022,0.013466,0.637527,0.246012,0.098461,0.017927|0.095539|0.646777|0.194896|0.027046|0.017857,0.320151,0.636698,0.152184,0.212318,0.932177,1.000000,0.787682,566180.000000,12815809.800000,0.055939,398.000000,1104.400000,0.043808,0.977800,0.777060,40,0.279720,910.000000,1550.000000,0,183635.187500,0.000947,0.827407,224,0,0.003331,0,3,0,38,0.363534,0.600592,0.830588,0.636467,14968.434946,103574.618636,652149.032452,0.000000,0.000000,0.000000,1867760450.884756
-3400,548471883.000000,0.002065,0.976235,0.000315,0.008819,0.000000,0.000455,0.102401,0.501069,0.680592,0.816477,0.577766,0.145983,0.235862,0.777489,0.000260,0.408832,0.102098,0.000021,0.000022,0.023765,0.635232,0.246798,0.100371,0.017921|0.088601|0.651456|0.198428|0.025757|0.017857,0.321890,0.639238,0.158509,0.214718,0.902022,1.000000,0.785282,587299.000000,14459642.600000,0.056849,413.000000,1117.600000,0.043315,0.980150,0.780950,39,0.270833,900.000000,1600.000000,0,232465.093750,0.001037,0.798445,246,0,0.006517,0,1,0,71,0.367180,0.594250,0.827097,0.632820,15880.752369,110927.979166,712440.203699,0.000000,0.000000,0.000000,1927213243.728401
-3350,602948866.000000,0.001896,0.961983,0.000504,0.008759,0.000000,0.000346,0.112125,0.506970,0.694445,0.800745,0.566778,0.149185,0.233666,0.750036,0.000266,0.410868,0.105139,0.000022,0.000022,0.038017,0.633441,0.247809,0.100258,0.017915|0.080974|0.656081|0.201775|0.025412|0.017857,0.324080,0.639539,0.156631,0.216597,0.865428,1.000000,0.783403,604171.000000,16304643.400000,0.056441,402.000000,1115.800000,0.043069,0.978500,0.748640,37,0.255172,930.000000,1650.000000,0,303620.875000,0.001140,0.764284,255,0,0.011461,0,2,0,68,0.367359,0.586903,0.825658,0.632641,11487.195444,117148.900525,743963.998408,0.000000,0.000000,0.000000,1983965287.708890
-3300,665406190.000000,0.001973,0.941228,0.000681,0.008697,0.000000,0.002637,0.122160,0.512857,0.711107,0.812593,0.569079,0.156161,0.230545,0.737482,0.000241,0.410940,0.098336,0.000021,0.000021,0.058772,0.631966,0.249326,0.102898,0.017908|0.076241|0.659526|0.204240|0.024359|0.017857,0.327878,0.639503,0.157043,0.218149,0.845250,0.959848,0.781851,567404.000000,18614690.400000,0.055766,398.000000,1103.200000,0.043211,0.978800,0.756320,37,0.251701,915.000000,1700.000000,0,362674.125000,0.001247,0.722161,263,0,0.019553,0,2,0,62,0.368741,0.583955,0.825857,0.631259,3993.639770,117636.955604,745947.602165,0.000000,0.000000,0.000000,2050622781.244980
-3250,732889326.000000,0.001934,0.913646,0.000895,0.008818,0.000000,0.000439,0.132974,0.516510,0.728176,0.804557,0.570113,0.157641,0.231980,0.761904,0.000241,0.410697,0.104378,0.000021,0.000021,0.086354,0.631906,0.250449,0.104302,0.017906|0.069877|0.662451|0.207910|0.024055|0.017857,0.330644,0.638529,0.160540,0.218213,0.807734,0.919241,0.781787,607763.000000,20590613.800000,0.055752,402.000000,1112.200000,0.043016,0.979400,0.742380,36,0.244898,960.000000,1750.000000,0,520411.625000,0.001620,0.656613,270,0,0.031644,0,0,0,49,0.373071,0.585963,0.832201,0.626929,4714.822985,127996.949282,815339.822656,0.000000,0.000000,0.000000,2109495720.539236
-3200,804943083.000000,0.001877,0.920443,0.001173,0.008991,0.000000,0.000000,0.143089,0.519491,0.747326,0.806707,0.586331,0.147789,0.236433,0.755800,0.000274,0.410788,0.108307,0.000022,0.000021,0.079557,0.630562,0.255336,0.107841,0.017902|0.066530|0.662890|0.211130|0.023726|0.017857,0.330522,0.640783,0.161170,0.219631,0.795072,0.937407,0.780369,611316.000000,21956477.000000,0.056776,424.000000,1101.000000,0.041837,0.980800,0.823800,36,0.238411,925.000000,1800.000000,0,610392.062500,0.001729,0.613924,252,1,0.032019,0,5,0,54,0.376649,0.587043,0.827216,0.623351,5837.204918,139063.298181,888315.932656,0.000000,0.000000,0.000000,2194306976.534056
-3150,878466785.000000,0.001750,0.939127,0.000924,0.008980,0.000000,0.000532,0.148853,0.524449,0.763392,0.778386,0.607519,0.195152,0.233849,0.723591,0.000241,0.412148,0.107975,0.000023,0.000023,0.060873,0.628508,0.258313,0.110705,0.017899|0.063223|0.664599|0.213220|0.023277|0.017857,0.325723,0.647696,0.161190,0.221802,0.830869,0.981363,0.778198,601494.000000,24351020.000000,0.052656,430.000000,1091.600000,0.041564,0.976300,0.813180,35,0.228758,900.000000,1850.000000,0,673780.562500,0.001705,0.629049,274,0,0.026738,0,2,0,69,0.377270,0.590872,0.820597,0.622730,17688.453987,160071.345404,1041477.435419,0.000000,0.000000,0.000000,2275909762.772429
-3100,948793167.000000,0.001541,0.957948,0.001007,0.008868,0.000000,0.000541,0.155811,0.530908,0.779600,0.790420,0.606347,0.179404,0.236938,0.738061,0.000260,0.410884,0.111405,0.000023,0.000022,0.042052,0.626123,0.259436,0.112896,0.017895|0.060155|0.662320|0.218570|0.023299|0.017857,0.327857,0.646681,0.164184,0.224332,0.872399,0.998052,0.775668,606267.500000,24972378.300000,0.049434,431.000000,1097.200000,0.041392,0.974100,0.807870,35,0.230263,945.000000,1900.000000,0,1379938.625000,0.003249,0.518862,242,0,0.019949,0,1,0,57,0.381332,0.589660,0.822922,0.618668,19244.227375,174434.321348,1124524.280801,0.000000,0.000000,0.000000,2416197424.987371
-3050,1007453390.000000,0.001201,0.950549,0.001523,0.008876,0.000000,0.000647,0.155619,0.539686,0.798584,0.779046,0.608866,0.230685,0.236169,0.716632,0.000260,0.412613,0.113853,0.000024,0.000023,0.049451,0.618159,0.260391,0.115761,0.017892|0.057748|0.658450|0.224749|0.023369|0.017857,0.332604,0.642693,0.164847,0.232812,0.850681,0.989987,0.767188,622633.000000,25598657.800000,0.050481,437.000000,1093.400000,0.045280,0.974200,0.817300,35,0.228758,995.000000,1950.000000,0,1557099.500000,0.006229,0.391769,317,0,0.024910,0,2,0,50,0.382627,0.584797,0.819954,0.617373,17140.913967,181516.638252,1155685.145451,0.000000,0.000000,0.000000,2497622420.258661
-3000,1063748981.000000,0.001088,0.943134,0.001764,0.009032,0.000000,0.000000,0.158762,0.544984,0.815088,0.755242,0.591468,0.232205,0.235828,0.683447,0.000260,0.409721,0.112075,0.000025,0.000023,0.056866,0.615664,0.261907,0.117726,0.017890|0.057394|0.648210|0.235691|0.023143|0.017857,0.335222,0.640923,0.164761,0.235503,0.839395,0.966643,0.764497,622732.000000,25885753.600000,0.053063,425.000000,1054.000000,0.044751,0.969300,0.816980,34,0.219355,1000.000000,2000.000000,0,1726962.000000,0.007271,0.341821,262,0,0.030245,0,2,0,46,0.386287,0.582677,0.814190,0.613713,13647.102591,188194.232918,1201107.840538,0.000000,0.000000,0.000000,2607884706.171972
-2950,1127813490.000000,0.001170,0.944459,0.001301,0.009074,0.000000,0.000652,0.159239,0.549670,0.834144,0.748868,0.587856,0.177306,0.239065,0.680789,0.000255,0.410446,0.116231,0.000024,0.000022,0.055541,0.614486,0.264266,0.120703,0.017889|0.056248|0.638147|0.247234|0.022743|0.017857,0.328662,0.648220,0.164031,0.236778,0.839746,0.967626,0.763222,619446.500000,26545332.700000,0.056799,424.500000,1069.600000,0.043752,0.970300,0.788270,31,0.196203,977.500000,2050.000000,0,1885637.625000,0.008759,0.302286,310,0,0.031320,0,4,0,47,0.388240,0.585183,0.810856,0.611760,21995.257268,207570.092739,1315361.573598,0.000000,0.000000,0.000000,2724245071.649567
-2900,1187601160.000000,0.001034,0.969853,0.000883,0.008959,0.000000,0.001105,0.162515,0.556667,0.854538,0.768509,0.590857,0.186422,0.239836,0.706931,0.000247,0.412969,0.115761,0.000024,0.000023,0.030147,0.612482,0.266682,0.120816,0.017887|0.054324|0.635508|0.251851|0.022666|0.017857,0.328136,0.649799,0.164122,0.238952,0.882185,1.000000,0.761048,618833.500000,27193595.800000,0.055096,424.500000,1075.900000,0.043925,0.974900,0.783060,31,0.196203,1027.500000,2100.000000,0,2022300.375000,0.009518,0.271867,299,0,0.017901,0,0,0,55,0.391711,0.594876,0.818935,0.608289,41204.674214,233001.719473,1506793.385908,0.000000,0.000000,0.000000,2821858713.200525
-2850,1244800954.000000,0.000941,0.985818,0.000542,0.008907,0.000000,0.001288,0.167562,0.563366,0.873011,0.758212,0.588124,0.152526,0.242296,0.682193,0.000244,0.410977,0.119416,0.000025,0.000024,0.014182,0.611258,0.268198,0.120816,0.017885|0.052769|0.634772|0.254390|0.022408|0.017857,0.329120,0.649550,0.165706,0.240285,0.953475,1.000000,0.759715,657415.000000,26120420.600000,0.056031,424.000000,1102.600000,0.043516,0.972900,0.767020,30,0.188679,1020.000000,2150.000000,0,2089792.500000,0.009649,0.251583,308,0,0.008827,0,1,0,61,0.393605,0.602023,0.814567,0.606395,49098.922569,251090.607171,1625241.651008,0.000000,0.000000,0.000000,2926150359.048247
-2800,1290240498.000000,0.000717,0.989081,0.000363,0.009020,0.000000,0.001202,0.169138,0.568796,0.889625,0.746258,0.580026,0.152063,0.238820,0.674448,0.000224,0.408771,0.117154,0.000025,0.000022,0.010919,0.740776,0.273029,0.125421,0.017883|0.051469|0.634657|0.256227|0.022004|0.017857,0.327424,0.652468,0.160759,0.239208,0.954244,1.000000,0.760792,612451.000000,26994709.100000,0.061111,419.000000,1031.100000,0.046424,0.963000,0.768890,30,0.185185,1015.000000,2200.000000,0,2038565.250000,0.009591,0.255773,342,0,0.007044,0,4,0,75,0.395737,0.603888,0.808554,0.604263,51449.511038,260486.121323,1719583.515850,0.000000,0.000000,0.000000,3045778385.062002
-2750,1359904621.000000,0.001052,0.982220,0.000610,0.009132,0.000000,0.000705,0.170243,0.577590,0.903047,0.739054,0.576337,0.158338,0.239065,0.659565,0.000227,0.406223,0.115799,0.000025,0.000022,0.017780,0.738382,0.275331,0.125646,0.017882|0.049628|0.632047|0.260575|0.022098|0.017857,0.325586,0.654819,0.160789,0.241363,0.936345,1.000000,0.758637,604471.000000,27498601.700000,0.065522,419.000000,1098.900000,0.046364,0.961350,0.768550,30,0.185185,1065.000000,2250.000000,0,2057381.000000,0.009252,0.270241,323,0,0.012089,0,0,0,79,0.397470,0.597787,0.805520,0.602530,27215.626841,254442.627104,1655979.623434,0.000000,0.000000,0.000000,3144602149.789587
-2700,1435539490.000000,0.001083,0.972147,0.000740,0.009064,0.000000,0.001127,0.171900,0.579780,0.920524,0.737142,0.568776,0.153298,0.238467,0.645953,0.000219,0.407608,0.114861,0.000025,0.000022,0.027853,0.736673,0.279937,0.128791,0.017881|0.048086|0.631893|0.262170|0.022187|0.017857,0.319885,0.660796,0.161845,0.242906,0.904783,1.000000,0.757094,637793.000000,28954047.400000,0.070065,424.000000,1119.400000,0.045764,0.959300,0.768880,29,0.177914,1050.000000,2300.000000,0,2022203.750000,0.008664,0.293857,324,0,0.019992,0,2,0,68,0.399085,0.589532,0.805885,0.600915,29827.365831,265115.389719,1749199.014512,0.000000,0.000000,0.000000,3249456387.456137
-2650,1525483149.000000,0.001216,0.964498,0.000859,0.008934,0.000000,0.000686,0.171869,0.587097,0.941819,0.742887,0.571040,0.160043,0.240794,0.658771,0.000237,0.406745,0.118253,0.000026,0.000025,0.035502,0.734449,0.281678,0.129971,0.017880|0.046266|0.627700|0.268399|0.021965|0.017857,0.312610,0.668949,0.160719,0.244918,0.882500,1.000000,0.755082,576797.500000,29278192.500000,0.074636,424.500000,1117.600000,0.045253,0.962650,0.763620,29,0.176829,1100.000000,2350.000000,0,2073417.500000,0.008345,0.301784,336,1,0.027079,0,1,0,57,0.401682,0.594357,0.811468,0.598318,25698.035964,283210.389880,1831982.950949,0.000000,0.000000,0.000000,3360248718.590384
-2600,1608260008.000000,0.001057,0.967254,0.000715,0.008980,0.000700,0.000790,0.172398,0.596834,0.950739,0.734967,0.559866,0.174351,0.240714,0.661496,0.000238,0.406423,0.117586,0.000027,0.000024,0.032746,0.731664,0.286958,0.136542,0.017879|0.045249|0.625168|0.272136|0.021781|0.017857,0.306463,0.675612,0.156711,0.247447,0.874828,1.000000,0.752553,614666.500000,29715611.500000,0.080446,442.000000,1136.000000,0.047095,0.958950,0.746700,29,0.174699,1150.000000,2400.000000,2,2047113.750000,0.007830,0.330756,317,0,0.026332,0,2,0,69,0.403699,0.590015,0.804172,0.596301,33096.000572,299006.899013,1944646.397863,0.000000,0.000000,0.000000,3551560307.551069
-2550,1671829347.000000,0.000776,0.977817,0.000785,0.009115,0.000000,0.000903,0.171895,0.604266,0.971328,0.734597,0.576632,0.211432,0.240440,0.655094,0.000229,0.407031,0.116461,0.000026,0.000023,0.022183,0.730657,0.289654,0.140699,0.017878|0.044433|0.615555|0.282887|0.021525|0.017857,0.297365,0.685291,0.169418,0.248364,0.916487,1.000000,0.751636,616460.000000,29841617.800000,0.080517,440.000000,1133.400000,0.046750,0.961600,0.757020,29,0.173653,1185.000000,2450.000000,0,2041890.750000,0.007616,0.334196,320,2,0.018543,0,1,0,55,0.406660,0.595199,0.807248,0.593341,19984.481553,304356.926420,1937176.084135,0.000000,0.000000,0.000000,3739697228.922662
-2500,1763865916.000000,0.001072,0.951036,0.001209,0.009118,0.000000,0.000000,0.172604,0.609507,0.989598,0.710257,0.565923,0.193012,0.240639,0.619148,0.000239,0.404588,0.116235,0.000026,0.000023,0.048964,0.728932,0.292631,0.143788,0.017876|0.042774|0.615038|0.285340|0.021325|0.017857,0.292381,0.691315,0.168801,0.249938,0.862317,0.983315,0.750062,586998.000000,30220493.200000,0.082256,456.000000,1128.200000,0.045861,0.954100,0.777560,29,0.171598,1235.000000,2500.000000,0,2043002.250000,0.007127,0.320507,353,0,0.043183,0,2,0,76,0.406131,0.581265,0.801309,0.593870,12280.372543,305349.480849,1977669.110986,0.000000,0.000000,0.000000,4255807028.313619
-2450,1862343392.000000,0.001087,0.913160,0.001894,0.008976,0.000000,0.000911,0.172080,0.614645,1.000000,0.715257,0.579356,0.215749,0.241704,0.627796,0.000225,0.403253,0.117643,0.000029,0.000026,0.086840,0.726516,0.297068,0.148000,0.017875|0.041845|0.613197|0.288100|0.021212|0.017857,0.284349,0.699922,0.166266,0.252147,0.818482,0.914000,0.747853,617390.000000,30167482.000000,0.086901,456.000000,1262.000000,0.047425,0.950000,0.763700,29,0.169591,1225.000000,2550.000000,0,2019406.375000,0.006795,0.316769,342,0,0.080863,0,2,0,68,0.407897,0.577449,0.805400,0.592103,5609.886159,303295.342930,1971536.148725,0.000000,0.000000,0.000000,4562727586.919864
-2400,1967544352.000000,0.001100,0.894793,0.002790,0.008928,0.000000,0.000618,0.169943,0.624499,1.000000,0.725181,0.571812,0.238971,0.241577,0.631172,0.000195,0.404906,0.117402,0.000030,0.000027,0.105207,0.724287,0.301056,0.152381,0.017874|0.040968|0.605854|0.296698|0.021013|0.017857,0.280445,0.704515,0.171680,0.254193,0.783963,0.893034,0.745807,628810.000000,34038443.400000,0.092933,456.000000,1180.200000,0.046478,0.950600,0.782400,28,0.161850,1240.000000,2600.000000,0,2016467.250000,0.006474,0.573776,348,0,0.103499,0,2,0,75,0.410056,0.577449,0.811507,0.589944,5051.927001,319355.405999,2031225.025838,0.000000,0.000000,0.000000,4773389298.565799
-2350,2108194177.000000,0.001382,0.914662,0.001732,0.009083,0.000000,0.000606,0.176460,0.627409,1.000000,0.727863,0.573070,0.238150,0.245420,0.641728,0.000233,0.408509,0.118354,0.000029,0.000026,0.085338,0.722352,0.304482,0.157942,0.017873|0.039824|0.601349|0.302411|0.020982|0.017857,0.276133,0.709257,0.167196,0.255974,0.804314,0.927485,0.744026,619547.000000,35254462.400000,0.098033,457.000000,1178.800000,0.045423,0.958300,0.773100,28,0.160000,1260.000000,2650.000000,0,2034493.250000,0.006125,0.815589,331,1,0.089955,0,2,0,67,0.414986,0.580210,0.810244,0.585014,16801.501990,355181.881678,2308421.977068,0.000000,0.000000,0.000000,4936772835.775352
-2300,2224367480.000000,0.001073,0.931711,0.002206,0.009175,0.000000,0.000000,0.179515,0.633870,1.000000,0.732510,0.563536,0.239223,0.247475,0.651930,0.000211,0.407687,0.121141,0.000030,0.000027,0.068289,0.719977,0.309144,0.162772,0.017873|0.039051|0.599219|0.305654|0.020919|0.017857,0.270250,0.715742,0.169253,0.258166,0.816463,0.957541,0.741834,628256.000000,36810498.200000,0.105013,457.000000,1260.800000,0.044651,0.963200,0.804560,26,0.146893,1190.000000,2700.000000,0,2070589.625000,0.005754,1.092679,351,0,0.075949,0,2,0,67,0.414180,0.583732,0.810188,0.585820,21596.432928,387749.182514,2532057.989566,0.000000,0.000000,0.000000,5135397856.508870
-2250,2309209959.000000,0.000749,0.937906,0.001552,0.009069,0.000700,0.000692,0.179241,0.630708,1.000000,0.707901,0.567334,0.235795,0.244505,0.616572,0.000214,0.402786,0.120388,0.000032,0.000028,0.062094,0.719934,0.317962,0.172545,0.017872|0.037520|0.593917|0.314383|0.020928|0.017857,0.260670,0.727892,0.169945,0.258206,0.835938,0.955348,0.741794,605716.000000,36309059.000000,0.114312,461.000000,1298.000000,0.042988,0.955400,0.764800,26,0.143646,1150.000000,2750.000000,2,2071821.500000,0.005587,0.964698,377,0,0.071694,0,4,0,100,0.414619,0.579321,0.802743,0.585381,23720.804576,394387.283303,2570676.381836,0.000000,0.000000,0.000000,5352521870.537338
-2200,2445502479.000000,0.001148,0.938692,0.001474,0.008964,0.000700,0.000000,0.179304,0.637263,1.000000,0.718979,0.543255,0.231380,0.244692,0.622372,0.000199,0.402373,0.119345,0.000031,0.000028,0.061308,0.718154,0.323860,0.180072,0.017871|0.037040|0.591270|0.317706|0.020776|0.017857,0.250881,0.737930,0.168153,0.259854,0.851117,0.951531,0.740147,594257.000000,36875638.000000,0.122028,461.500000,1302.900000,0.042219,0.953400,0.768120,26,0.142857,1137.500000,2800.000000,2,2056664.500000,0.005215,1.166207,362,0,0.074964,0,2,0,77,0.417678,0.580427,0.803282,0.582322,33019.119143,416973.902659,2760757.292921,0.000000,0.000000,0.000000,5544054754.899673
-2150,2593922642.000000,0.001179,0.915600,0.002123,0.009032,0.000000,0.000000,0.177356,0.644994,1.000000,0.717656,0.543422,0.232452,0.246345,0.633638,0.000191,0.404417,0.121057,0.000036,0.000035,0.084400,0.713721,0.329308,0.185239,0.017871|0.036431|0.591340|0.319304|0.020677|0.017857,0.246260,0.744175,0.161665,0.263969,0.803766,0.931239,0.736031,593344.000000,37448817.600000,0.128972,461.000000,1305.600000,0.041279,0.954500,0.784440,25,0.135135,1130.000000,2850.000000,0,2037749.250000,0.004886,1.169115,386,0,0.109463,0,3,0,83,0.420053,0.577482,0.806287,0.579947,50970.268604,444959.985425,2960127.497239,0.000000,0.000000,0.000000,6264534147.115727
-2100,2771078342.000000,0.001322,0.940305,0.001444,0.009084,0.000700,0.000531,0.157975,0.647793,1.000000,0.722404,0.518985,0.236397,0.246911,0.629505,0.000201,0.402877,0.121148,0.000039,0.000037,0.059695,0.773281,0.339530,0.195855,0.017871|0.035985|0.591064|0.318009|0.020623|0.017857,0.238852,0.749624,0.151483,0.260112,0.839309,0.965018,0.739888,587848.000000,36414140.000000,0.140358,459.000000,1323.000000,0.063918,0.953750,0.754300,24,0.129032,1150.000000,2900.000000,2,2078990.625000,0.004683,1.233376,355,1,0.082709,0,2,0,66,0.419290,0.581190,0.802717,0.580710,42040.735938,499117.637519,3137661.004419,0.000000,0.000000,0.000000,6602384476.760588
-2050,2834478888.000000,0.000453,0.969808,0.001279,0.009006,0.000000,0.001246,0.145606,0.651547,1.000000,0.715376,0.484949,0.237894,0.249383,0.620398,0.000198,0.404204,0.123638,0.000037,0.000044,0.030192,0.770333,0.345653,0.202763,0.017870|0.035847|0.592963|0.315630|0.020665|0.017857,0.241887,0.745943,0.148884,0.262655,0.904101,1.000000,0.737345,584775.500000,35008779.900000,0.120724,459.000000,1369.600000,0.061672,0.950300,0.759350,21,0.110526,1130.000000,2950.000000,0,2086067.000000,0.004658,1.221450,368,0,0.042789,0,4,0,78,0.421146,0.590503,0.799948,0.578854,47841.428102,552870.058335,3249411.502291,0.000000,0.000000,0.000000,7264151978.564870
-2000,2792348293.000000,-0.000299,0.975486,0.000764,0.008872,0.000000,0.001077,0.145880,0.656702,1.000000,0.695553,0.493348,0.244772,0.249844,0.597011,0.000207,0.402097,0.123345,0.000038,0.000042,0.024514,0.761596,0.355707,0.213211,0.017870|0.036182|0.590370|0.318334|0.020772|0.017857,0.243142,0.744751,0.149242,0.263882,0.917430,1.000000,0.736118,594178.000000,34549969.000000,0.116292,457.000000,1368.000000,0.076987,0.948200,0.749500,21,0.109948,1180.000000,3000.000000,0,2075517.125000,0.004702,1.247703,401,0,0.034225,0,1,0,118,0.419758,0.591703,0.794626,0.580242,74548.633927,590032.587059,3417606.275584,0.000000,0.000000,0.000000,7665390119.155073
-1950,2852332873.000000,0.000425,0.978607,0.000498,0.008861,0.000000,0.001085,0.143142,0.664504,1.000000,0.694511,0.498399,0.242436,0.249918,0.599189,0.000202,0.402045,0.123863,0.000038,0.000042,0.021393,0.752920,0.360200,0.216918,0.017870|0.035610|0.590619|0.319140|0.020682|0.017857,0.235489,0.753048,0.150048,0.264401,0.924274,1.000000,0.735599,616608.000000,34996092.600000,0.118813,459.000000,1402.000000,0.075720,0.950150,0.724620,21,0.109375,1230.000000,3050.000000,0,2060175.500000,0.004576,1.457645,396,0,0.030510,0,3,0,96,0.420826,0.590371,0.797468,0.579174,47791.127742,581930.550554,3370078.888163,0.000000,0.000000,0.000000,8084032144.783754
-1900,2931362917.000000,0.000547,0.977055,0.000669,0.008983,0.000000,0.000786,0.138883,0.672828,1.000000,0.697512,0.552704,0.242905,0.247512,0.609190,0.000206,0.401890,0.118891,0.000040,0.000042,0.022945,0.749900,0.363795,0.222197,0.017870|0.035625|0.585242|0.324292|0.020593|0.017857,0.228345,0.759899,0.148456,0.267075,0.932138,1.000000,0.732925,555600.500000,34934443.500000,0.121706,426.000000,1379.000000,0.075659,0.946300,0.730200,21,0.107143,1247.500000,3100.000000,0,2047435.125000,0.004505,1.229453,407,0,0.033631,0,4,0,93,0.419146,0.592847,0.795376,0.580854,38682.720236,590931.870624,3394368.197313,0.000000,0.000000,0.000000,8979314205.041710
-1850,3030373185.000000,0.000665,0.958738,0.001175,0.009005,0.000000,0.000619,0.134752,0.677541,1.000000,0.703325,0.529314,0.239870,0.248272,0.601517,0.000202,0.403453,0.118796,0.000039,0.000041,0.041262,0.747046,0.366547,0.225792,0.017869|0.035180|0.581641|0.328451|0.020435|0.017857,0.220989,0.767433,0.147394,0.269612,0.867955,1.000000,0.730388,609022.500000,39108426.100000,0.123584,453.000000,1369.800000,0.074710,0.947150,0.736670,21,0.106061,1270.000000,3150.000000,0,2058148.250000,0.004368,1.092474,435,0,0.062520,0,2,0,101,0.421706,0.583730,0.797964,0.578294,31421.223268,599520.944284,3417248.644311,0.000000,0.000000,0.000000,9383487478.829288
-1800,3157379510.000000,0.000821,0.970731,0.000685,0.008877,0.000000,0.000834,0.134438,0.680073,1.000000,0.704640,0.527957,0.243636,0.247800,0.615762,0.000192,0.403902,0.122600,0.000037,0.000041,0.029269,0.743626,0.371321,0.231072,0.017869|0.034882|0.577483|0.333063|0.020407|0.017857,0.213746,0.775044,0.144687,0.272664,0.902126,1.000000,0.727337,591905.000000,38165517.800000,0.120462,442.000000,1394.800000,0.073194,0.948150,0.738120,21,0.103960,1262.500000,3193.500000,0,2032929.125000,0.004303,1.329060,423,0,0.046207,0,5,0,76,0.422881,0.588086,0.798312,0.577119,32521.826948,626864.875232,3604038.444902,0.000000,0.000000,0.000000,10032125501.712650
-1750,3258703866.000000,0.000632,0.966272,0.000836,0.008804,0.000000,0.000642,0.133894,0.686821,1.000000,0.701074,0.552572,0.242519,0.246550,0.606501,0.000189,0.401440,0.119363,0.000038,0.000042,0.033728,0.738154,0.375028,0.237082,0.017869|0.034564|0.571973|0.338357|0.020296|0.017857,0.207945,0.780310,0.146325,0.277570,0.891073,1.000000,0.722430,630012.000000,42124677.600000,0.123175,457.000000,1400.800000,0.071577,0.948800,0.762220,20,0.097561,1220.000000,3179.000000,0,2034669.375000,0.004304,1.439591,437,2,0.054955,0,3,0,107,0.427585,0.587029,0.794503,0.572415,58916.896127,679484.455236,3900599.715438,0.000000,0.000000,0.000000,10640650866.944662
-1700,3375888034.000000,0.000707,0.966226,0.000821,0.008913,0.000000,0.000542,0.135187,0.688781,1.000000,0.692522,0.543388,0.239476,0.245945,0.596221,0.000200,0.401355,0.118465,0.000037,0.000042,0.033774,0.752259,0.378735,0.241631,0.017868|0.033679|0.567372|0.343670|0.020336|0.017857,0.201378,0.786903,0.145947,0.273817,0.894871,1.000000,0.726183,600828.000000,40202817.000000,0.127358,459.000000,1387.600000,0.070255,0.942650,0.770410,20,0.096154,1195.000000,3224.500000,0,2019476.250000,0.004118,1.657779,452,0,0.057009,0,4,0,105,0.425731,0.583199,0.794654,0.574269,40741.752526,674556.745318,3898908.493740,0.000000,0.000000,0.000000,11411061468.572159
-1650,3477257073.000000,0.000592,0.935348,0.001920,0.008988,0.000000,0.000615,0.128579,0.692413,1.000000,0.696614,0.555859,0.246342,0.248122,0.591293,0.000186,0.402728,0.119967,0.000040,0.000043,0.064652,0.747630,0.381487,0.247416,0.017868|0.033561|0.557065|0.354217|0.020221|0.017857,0.197391,0.791063,0.147092,0.277918,0.845075,0.953900,0.722082,580418.000000,40320413.900000,0.133005,459.000000,1398.400000,0.069177,0.946700,0.759810,20,0.096154,1230.000000,3274.500000,0,2054239.750000,0.003955,1.643380,440,0,0.112406,0,0,0,123,0.426955,0.578040,0.799221,0.573044,10953.356342,638650.758036,3698874.327657,0.000000,0.000000,0.000000,11799193742.328953
-1600,3578605484.000000,0.000575,0.908509,0.002801,0.008900,0.000700,0.000000,0.124396,0.708262,1.000000,0.690237,0.523690,0.246678,0.247809,0.584170,0.000185,0.399802,0.119808,0.000040,0.000043,0.091491,0.794382,0.385138,0.253482,0.017868|0.033638|0.554205|0.357187|0.020235|0.017857,0.194666,0.794044,0.147337,0.276846,0.807699,0.917708,0.723154,606255.000000,37812474.400000,0.136694,428.000000,1393.600000,0.070893,0.948500,0.778920,20,0.093897,1230.000000,3320.000000,2,2029416.625000,0.003873,1.852992,452,1,0.163705,0,5,0,106,0.431912,0.574907,0.794250,0.568088,8684.992094,667787.178408,3821937.211524,0.000000,0.000000,0.000000,12739598320.252277
-1550,3642801701.000000,0.000356,0.894486,0.003606,0.008747,0.000700,0.000385,0.118081,0.712290,1.000000,0.689021,0.524963,0.245571,0.251719,0.583911,0.000185,0.399197,0.122463,0.000039,0.000043,0.105514,0.794095,0.389519,0.259492,0.017868|0.033658|0.545554|0.365580|0.020268|0.017857,0.189652,0.798649,0.148141,0.277087,0.785805,0.899728,0.722913,638888.000000,44945511.200000,0.139560,456.000000,1406.000000,0.070809,0.944100,0.755260,20,0.092166,1275.000000,3370.000000,2,2059062.750000,0.003893,1.699588,448,0,0.192183,0,5,0,101,0.432086,0.574985,0.798615,0.567914,8736.379075,650727.001039,3670300.008438,0.000000,0.000000,0.000000,14194318293.762602
-1500,3705680402.000000,0.000342,0.906588,0.003219,0.008800,0.000700,0.001467,0.121296,0.709813,1.000000,0.687877,0.489492,0.244471,0.250650,0.584377,0.000193,0.400400,0.120378,0.000040,0.000042,0.093412,0.792750,0.394181,0.263536,0.017868|0.033687|0.535905|0.375438|0.020087|0.017857,0.186808,0.801734,0.150075,0.278216,0.806833,0.916863,0.721784,640742.000000,46606883.400000,0.142256,442.000000,1441.800000,0.072353,0.944650,0.771820,19,0.087156,1185.000000,3409.500000,2,2025668.000000,0.003896,1.581326,453,0,0.173078,0,2,0,97,0.433993,0.575931,0.798686,0.566007,9766.376706,674338.121350,3777966.005307,0.000000,0.000000,0.000000,14547420494.463482
-1450,3724226623.000000,0.000100,0.922113,0.002416,0.008931,0.000000,0.000585,0.117943,0.716292,1.000000,0.677045,0.509213,0.245827,0.253551,0.579855,0.000191,0.402002,0.123432,0.000043,0.000044,0.077887,0.788926,0.397551,0.268030,0.017867|0.033873|0.530466|0.380675|0.020120|0.017857,0.183970,0.804376,0.152446,0.281432,0.821094,0.939520,0.718568,670939.500000,46180590.700000,0.146229,456.500000,1441.800000,0.075202,0.937300,0.762010,19,0.087156,1195.000000,3459.500000,0,2065191.375000,0.003843,1.921157,458,0,0.145035,0,1,0,97,0.437359,0.577210,0.791468,0.562641,17437.480005,701327.896921,3902934.357816,0.000000,0.000000,0.000000,14909337613.386513
-1400,3728505311.000000,0.000023,0.916327,0.002276,0.008903,0.000000,0.001405,0.111283,0.725935,1.000000,0.674816,0.472165,0.245765,0.250007,0.577688,0.000187,0.401091,0.120763,0.000044,0.000043,0.083673,0.788243,0.401314,0.271287,0.017868|0.033935|0.523539|0.387335|0.020175|0.017857,0.181187,0.806925,0.153396,0.279359,0.808132,0.940967,0.720641,691466.500000,39228196.200000,0.150716,461.500000,1445.100000,0.074225,0.940850,0.746440,19,0.086364,1195.000000,3506.500000,0,2064142.625000,0.003831,1.719508,467,0,0.155988,0,2,0,126,0.439959,0.574940,0.794740,0.560041,12536.066043,706210.059206,3898358.622072,0.000000,0.000000,0.000000,15569802146.513393
-1350,3722015967.000000,-0.000035,0.891071,0.003293,0.008775,0.000700,0.000000,0.113908,0.724460,1.000000,0.666474,0.470438,0.245522,0.247281,0.567577,0.000171,0.398157,0.118545,0.000043,0.000042,0.108929,0.818620,0.403224,0.275949,0.017868|0.034153|0.521476|0.389876|0.020308|0.017857,0.181904,0.806675,0.150158,0.275375,0.797525,0.903035,0.724625,690913.000000,38937518.300000,0.147411,456.500000,1407.600000,0.073488,0.939100,0.760420,19,0.082609,1082.500000,3546.000000,2,2054522.375000,0.003862,1.971274,514,0,0.202717,0,10,0,124,0.434011,0.572637,0.791105,0.565989,6733.266771,696447.973775,3856226.750227,0.000000,0.000000,0.000000,18788674206.625328
-1300,3834090928.000000,0.000594,0.908373,0.002992,0.008744,0.000700,0.000000,0.116800,0.733067,1.000000,0.685053,0.493886,0.245384,0.249265,0.585210,0.000182,0.403998,0.120862,0.000040,0.000040,0.091627,0.812596,0.404347,0.275725,0.017868|0.034013|0.520528|0.390169|0.020256|0.017857,0.180282,0.807435,0.152678,0.278573,0.800729,0.915912,0.721427,712048.000000,38654428.000000,0.141347,461.000000,1404.000000,0.073237,0.948800,0.781800,18,0.077922,1095.000000,3585.000000,2,2092277.500000,0.003744,2.002046,466,0,0.175654,0,2,0,122,0.436661,0.576532,0.796006,0.563339,18611.551245,707018.619225,3970471.683341,0.000000,0.000000,0.000000,19176799574.620884
-1250,3908902104.000000,0.000387,0.925259,0.002183,0.008885,0.000000,0.000763,0.119964,0.734506,1.000000,0.684549,0.489429,0.240613,0.252353,0.583599,0.000174,0.402643,0.121818,0.000041,0.000041,0.074741,0.788606,0.406706,0.277690,0.017868|0.033942|0.517977|0.392820|0.020237|0.017857,0.178926,0.808998,0.155901,0.281125,0.815551,0.951113,0.718875,680215.000000,40447521.000000,0.142581,461.000000,1445.000000,0.072636,0.940600,0.761800,18,0.077922,1100.000000,3635.000000,0,2061046.750000,0.003738,2.191429,464,0,0.146078,0,0,0,101,0.438527,0.579982,0.796437,0.561473,40387.845922,749550.568734,4244908.644862,0.000000,0.000000,0.000000,19474401415.143639
-1200,3933538683.000000,0.000126,0.958631,0.001318,0.008969,0.000700,0.001674,0.121586,0.738650,1.000000,0.676398,0.491766,0.240763,0.253432,0.587282,0.000176,0.401505,0.123467,0.000043,0.000041,0.041369,0.762750,0.408785,0.280948,0.017868|0.033429|0.513147|0.397987|0.020341|0.017857,0.177465,0.810595,0.158108,0.283304,0.877211,1.000000,0.716696,694185.000000,44194962.400000,0.141533,457.000000,1445.800000,0.071908,0.942400,0.774400,18,0.077253,1130.000000,3682.000000,2,2078021.750000,0.003661,2.588274,473,0,0.081364,0,2,0,143,0.439109,0.588221,0.793589,0.560891,64872.075660,795886.841331,4516210.535080,0.000000,0.000000,0.000000,19848713479.906292
-1150,3947591198.000000,0.000071,0.980431,0.000568,0.008868,0.000000,0.001415,0.122666,0.747774,1.000000,0.684250,0.467780,0.249395,0.253421,0.574913,0.000168,0.400520,0.123455,0.000042,0.000041,0.019569,0.739037,0.411368,0.284150,0.017868|0.033404|0.511194|0.399937|0.020281|0.017857,0.177411,0.810616,0.157987,0.284075,0.929393,1.000000,0.715925,676921.000000,41329458.500000,0.141053,459.000000,1476.500000,0.071159,0.938800,0.779650,18,0.076271,1147.500000,3727.500000,0,2073856.000000,0.003662,2.723770,506,0,0.038625,0,3,0,138,0.440637,0.592691,0.793475,0.559363,80002.628057,831337.048342,4736055.350597,0.000000,0.000000,0.000000,20502504078.043789
-1100,3936181311.000000,-0.000058,0.968919,0.000786,0.008766,0.000000,0.001245,0.122644,0.762289,1.000000,0.668339,0.459401,0.248007,0.251718,0.566480,0.000161,0.400067,0.121899,0.000044,0.000042,0.031081,0.736619,0.412716,0.284767,0.017867|0.033514|0.509536|0.401633|0.020452|0.017857,0.178245,0.809758,0.154052,0.286257,0.898041,1.000000,0.713743,668049.000000,44934832.700000,0.139536,464.500000,1445.300000,0.070985,0.936250,0.775120,17,0.071429,1185.000000,3752.500000,0,2046156.125000,0.003638,2.380276,557,0,0.061170,0,3,0,153,0.442340,0.587019,0.788456,0.557660,53210.156445,807653.415742,4538391.021507,0.000000,0.000000,0.000000,22320289123.827446
-1050,3991345647.000000,0.000278,0.957505,0.001066,0.008845,0.000000,0.002049,0.124405,0.768138,1.000000,0.682758,0.462721,0.250080,0.249705,0.580673,0.000151,0.399689,0.119387,0.000042,0.000042,0.042495,0.734161,0.415974,0.287295,0.017867|0.033571|0.505748|0.405321|0.020376|0.017857,0.177558,0.810338,0.159571,0.288481,0.873981,0.998876,0.711519,782368.000000,44907575.000000,0.137032,461.000000,1404.000000,0.070151,0.933000,0.776200,17,0.070539,1225.000000,3795.000000,0,2059067.750000,0.003600,2.343770,483,0,0.084807,0,3,0,122,0.439726,0.585743,0.793561,0.560274,31432.808680,787677.909242,4441615.291791,0.000000,0.000000,0.000000,23085434893.227558
-1000,3993440694.000000,0.000010,0.953664,0.001571,0.008981,0.000000,0.000000,0.126906,0.765695,1.000000,0.687076,0.471880,0.241345,0.249744,0.586541,0.000154,0.401194,0.119202,0.000042,0.000041,0.046336,0.754474,0.416929,0.286509,0.017868|0.034000|0.503967|0.406659|0.020437|0.017857,0.178770,0.808914,0.153826,0.288349,0.870011,0.990728,0.711651,756758.000000,42550641.200000,0.137445,462.000000,1391.200000,0.069970,0.947400,0.797340,17,0.069388,1240.000000,3839.000000,0,2056050.875000,0.003584,2.266486,510,0,0.092520,0,4,0,126,0.445173,0.583345,0.796614,0.554827,23487.077204,771319.496898,4358077.663786,0.000000,0.000000,0.000000,24220668688.239914
-950,4060613504.000000,0.000334,0.962190,0.000863,0.008954,0.000000,0.001367,0.129745,0.775121,1.000000,0.681292,0.469420,0.247267,0.251352,0.576814,0.000158,0.402809,0.122469,0.000043,0.000041,0.037810,0.740600,0.419906,0.289598,0.017868|0.033902|0.503833|0.406813|0.020312|0.017857,0.178618,0.808887,0.156211,0.288998,0.881230,1.000000,0.711002,771929.000000,38842184.900000,0.135786,464.500000,1387.600000,0.069450,0.940950,0.788950,17,0.068548,1250.000000,3884.500000,0,2080232.625000,0.003561,2.305837,550,0,0.076765,0,3,0,135,0.446827,0.589058,0.796307,0.553173,45666.385946,815456.937005,4646460.536070,0.000000,0.000000,0.000000,24723520315.287216
-900,4080386162.000000,0.000097,0.963576,0.001190,0.008816,0.000000,0.000735,0.129968,0.782646,1.000000,0.673158,0.488146,0.248078,0.248913,0.589372,0.000163,0.399382,0.119327,0.000043,0.000041,0.036424,0.738866,0.422939,0.293754,0.017868|0.034112|0.504402|0.406022|0.020335|0.017857,0.179301,0.808084,0.150379,0.290559,0.881503,1.000000,0.709441,741599.500000,38228680.600000,0.132330,461.500000,1392.400000,0.068933,0.938550,0.791030,17,0.066929,1250.000000,3927.000000,0,2037323.250000,0.003531,2.629782,516,1,0.074311,0,6,0,139,0.447305,0.585200,0.796038,0.552695,31915.529771,796374.679079,4555733.685276,0.000000,0.000000,0.000000,28650763684.209370
-850,4067868737.000000,-0.000061,0.950532,0.001304,0.008813,0.000700,0.001296,0.129532,0.786961,1.000000,0.680510,0.486193,0.248557,0.249504,0.575113,0.000162,0.400109,0.120321,0.000043,0.000041,0.049468,0.736699,0.424736,0.295664,0.017867|0.033899|0.502852|0.407733|0.020465|0.017857,0.178714,0.808524,0.154251,0.292515,0.860649,0.981917,0.707485,744155.000000,37879975.400000,0.132031,468.000000,1391.200000,0.068452,0.938900,0.790780,17,0.066667,1235.000000,3976.000000,2,2036632.375000,0.003519,2.439369,539,0,0.100615,0,1,0,140,0.450735,0.583097,0.796827,0.549265,20899.917933,779366.297010,4463465.164610,0.000000,0.000000,0.000000,29171597517.073227
-800,4098781991.000000,0.000151,0.915001,0.002085,0.008949,0.000000,0.000000,0.129283,0.792664,1.000000,0.678532,0.483838,0.251356,0.253372,0.564391,0.000163,0.401530,0.125093,0.000045,0.000042,0.084999,0.733634,0.426084,0.295776,0.017867|0.033705|0.504731|0.406303|0.020457|0.017857,0.178974,0.808669,0.156962,0.295288,0.823201,0.926337,0.704712,829091.000000,37654254.000000,0.133239,468.000000,1399.200000,0.068048,0.944800,0.809880,17,0.066148,1260.000000,4024.000000,0,2026684.625000,0.003469,2.238865,544,0,0.174196,0,4,0,172,0.451173,0.576209,0.797475,0.548827,6543.743675,758995.123433,4339469.019671,0.000000,0.000000,0.000000,29828350283.457771
-750,4142219545.000000,0.000211,0.886799,0.003455,0.008982,0.000000,0.000000,0.128269,0.797658,1.000000,0.677747,0.471230,0.247443,0.250553,0.569519,0.000152,0.401296,0.119531,0.000045,0.000042,0.113201,0.795087,0.428892,0.299146,0.017868|0.033780|0.505722|0.404949|0.020531|0.017857,0.178271,0.809077,0.156828,0.293471,0.771572,0.893697,0.706529,823894.500000,38148447.700000,0.131101,464.500000,1385.200000,0.068949,0.948400,0.799630,17,0.065385,1305.000000,4071.000000,0,2035522.250000,0.003448,2.316474,563,0,0.234451,0,4,0,145,0.453074,0.576539,0.799223,0.546926,2269.895877,722404.005527,4146957.229749,0.000000,0.000000,0.000000,30533983643.564663
-700,4171273321.000000,0.000140,0.883851,0.003319,0.008864,0.000700,0.000000,0.130128,0.807419,1.000000,0.684070,0.481429,0.252959,0.250861,0.584085,0.000149,0.402328,0.118074,0.000045,0.000042,0.116149,0.792512,0.429735,0.300382,0.017868|0.033801|0.503391|0.407070|0.020643|0.017857,0.178189,0.808736,0.149132,0.295631,0.768906,0.893547,0.704369,817946.000000,39018972.200000,0.130829,437.000000,1349.400000,0.068768,0.945600,0.799380,17,0.063670,1245.000000,4072.000000,2,2033182.750000,0.003490,2.245479,556,2,0.242244,0,8,0,128,0.449634,0.577342,0.799702,0.550366,7947.974594,735840.840391,4222000.254901,0.000000,0.000000,0.000000,33207881281.547523
-650,4197011228.000000,0.000123,0.914846,0.002844,0.008796,0.000000,0.001360,0.131956,0.809059,1.000000,0.684982,0.495353,0.249933,0.252803,0.581755,0.000146,0.405535,0.121344,0.000044,0.000042,0.085154,0.787735,0.430465,0.299933,0.017868|0.033951|0.503033|0.407390|0.020632|0.017857,0.179053,0.808001,0.152115,0.298629,0.810775,0.931417,0.701371,750666.000000,39213498.200000,0.131627,457.000000,1351.600000,0.068772,0.943600,0.790140,17,0.064151,1275.000000,4138.000000,0,2037520.500000,0.003415,3.386305,528,0,0.178696,0,1,0,135,0.452075,0.579730,0.798703,0.547925,21762.074781,756632.216384,4387729.557833,0.000000,0.000000,0.000000,32252559703.017910
-600,4214952917.000000,0.000085,0.921463,0.002777,0.008901,0.000700,0.000865,0.131589,0.818038,1.000000,0.677558,0.493382,0.254327,0.253723,0.577625,0.000138,0.404142,0.121965,0.000044,0.000042,0.078537,0.782470,0.431757,0.301449,0.017868|0.033526|0.502201|0.408435|0.020644|0.017857,0.179541,0.807369,0.152521,0.300235,0.812446,0.947344,0.699765,782745.000000,38402099.400000,0.129997,458.000000,1339.800000,0.068464,0.944200,0.791080,17,0.064151,1290.000000,4188.000000,2,2032656.375000,0.003396,3.757588,601,0,0.165516,0,3,0,147,0.453603,0.582292,0.798991,0.546397,20370.964759,761403.039712,4407208.697504,0.000000,0.000000,0.000000,31851878766.300964
-550,4202519273.000000,-0.000059,0.905687,0.003187,0.009011,0.000000,0.000000,0.133351,0.820666,1.000000,0.677862,0.476498,0.242966,0.254257,0.573556,0.000140,0.404752,0.122968,0.000045,0.000043,0.094313,0.780441,0.435071,0.304931,0.017868|0.033823|0.501428|0.409235|0.020673|0.017857,0.180843,0.806305,0.158586,0.301964,0.806270,0.916327,0.698036,866765.000000,37670001.200000,0.129150,456.000000,1349.400000,0.067889,0.949800,0.795660,17,0.063670,1285.000000,4222.000000,0,2039439.750000,0.003424,3.569125,564,0,0.198177,0,2,0,155,0.458085,0.578156,0.805778,0.541915,7294.428277,736723.794688,4248714.763659,0.000000,0.000000,0.000000,33696825932.063759
-500,4222944881.000000,0.000097,0.898886,0.003009,0.008943,0.000000,0.000000,0.134609,0.826555,1.000000,0.685617,0.500064,0.249174,0.253991,0.576515,0.000139,0.406864,0.121567,0.000046,0.000043,0.101114,0.779598,0.435576,0.304538,0.017868|0.033926|0.498981|0.411169|0.020801|0.017857,0.181753,0.804840,0.158827,0.302684,0.799535,0.910481,0.697316,871062.000000,37914684.900000,0.129058,456.500000,1346.100000,0.067589,0.951350,0.815080,17,0.062963,1292.500000,4248.000000,0,2034156.125000,0.003393,4.318047,572,2,0.213500,0,4,0,131,0.460966,0.578974,0.801688,0.539034,15037.960396,744256.819517,4315259.056756,0.000000,0.000000,0.000000,34189863845.247002
-450,4245928452.000000,0.000109,0.904719,0.003069,0.008820,0.000000,0.000844,0.135789,0.834773,1.000000,0.685068,0.504419,0.250195,0.255815,0.600137,0.000142,0.408781,0.122577,0.000045,0.000043,0.095281,0.776341,0.437374,0.305942,0.017868|0.034151|0.500575|0.409208|0.020848|0.017857,0.182327,0.804000,0.160132,0.305469,0.787517,0.918366,0.694531,889762.000000,37840467.200000,0.126585,428.000000,1353.800000,0.067177,0.953800,0.799160,17,0.062271,1330.000000,4279.000000,0,2045129.500000,0.003430,3.948930,555,1,0.202278,0,4,0,111,0.461647,0.583383,0.805390,0.538353,12812.975637,745058.581755,4333909.349032,0.000000,0.000000,0.000000,36150246809.297081
-400,4297843427.000000,0.000243,0.933012,0.001705,0.008861,0.000000,0.001024,0.135847,0.847378,1.000000,0.685501,0.509888,0.250301,0.254447,0.588190,0.000133,0.409134,0.121691,0.000045,0.000044,0.066988,0.751881,0.439957,0.308695,0.017868|0.033982|0.500229|0.409826|0.020809|0.017857,0.181871,0.804347,0.156942,0.305247,0.822738,0.955778,0.694753,905791.000000,34114462.000000,0.127959,431.500000,1372.500000,0.066716,0.951950,0.799450,17,0.061594,1335.000000,4312.500000,0,2070226.625000,0.003389,4.095923,567,0,0.143952,0,4,0,137,0.464451,0.586347,0.805237,0.535549,48025.200917,820493.317180,4766009.939402,0.000000,0.000000,0.000000,37119264113.047195
-350,4293437294.000000,-0.000021,0.959296,0.001310,0.009004,0.000000,0.001214,0.137118,0.848652,1.000000,0.684058,0.511240,0.251632,0.254985,0.589805,0.000124,0.408607,0.120713,0.000044,0.000044,0.040704,0.742901,0.443496,0.313637,0.017869|0.033935|0.501440|0.408499|0.020865|0.017857,0.180599,0.805533,0.152794,0.302228,0.877583,1.000000,0.697772,925917.500000,33451352.200000,0.129263,422.000000,1343.700000,0.065867,0.954450,0.798670,17,0.060284,1375.000000,4324.500000,0,2057425.750000,0.003387,3.709647,598,0,0.087380,0,7,0,164,0.457532,0.592297,0.805108,0.542468,79367.630289,859806.321651,5015303.731839,0.000000,0.000000,0.000000,38311876036.226524
-300,4257410043.000000,-0.000169,0.965423,0.001112,0.009024,0.000700,0.001418,0.141090,0.852559,1.000000,0.677824,0.508210,0.256671,0.257652,0.573281,0.000129,0.408200,0.124902,0.000046,0.000045,0.034577,0.731599,0.444451,0.315435,0.017869|0.033792|0.501336|0.408849|0.020960|0.017857,0.182627,0.803614,0.155550,0.304818,0.882691,1.000000,0.695182,910692.000000,33242533.400000,0.127941,424.000000,1342.400000,0.065755,0.947800,0.798320,17,0.060071,1350.000000,4364.000000,2,2045718.000000,0.003411,4.021827,609,0,0.073604,0,3,0,171,0.452648,0.594522,0.800608,0.547352,55299.101069,832776.845358,4848076.811787,0.000000,0.000000,0.000000,38636773843.121017
-250,4262313333.000000,0.000023,0.964934,0.001121,0.008882,0.000700,0.001557,0.140629,0.854713,1.000000,0.678451,0.513774,0.256191,0.255203,0.583694,0.000128,0.408498,0.122318,0.000047,0.000045,0.035066,0.728991,0.445406,0.313581,0.017869|0.034152|0.499258|0.410699|0.021092|0.017857,0.181531,0.804674,0.160988,0.305714,0.878830,1.000000,0.694286,908426.000000,33416905.800000,0.130646,424.000000,1366.000000,0.065493,0.949900,0.798800,17,0.060071,1400.000000,4414.000000,2,2019666.500000,0.003387,3.950663,571,0,0.074730,2,2,0,145,0.455272,0.591783,0.802657,0.544728,49896.559046,828378.532453,4849916.919308,0.000000,0.000000,0.000000,38822130023.780983
-200,4289125609.000000,0.000125,0.950314,0.001785,0.008833,0.000700,0.000860,0.138601,0.867754,1.000000,0.690582,0.489496,0.256069,0.257415,0.587946,0.000125,0.410746,0.122654,0.000050,0.000046,0.049686,0.724690,0.446529,0.313637,0.017869|0.034531|0.498705|0.410448|0.021193|0.017857,0.180203,0.805527,0.164521,0.309647,0.855666,0.987755,0.690353,947804.000000,34965913.900000,0.134418,429.500000,1367.000000,0.065534,0.955700,0.799230,17,0.060284,1442.500000,4474.500000,2,2079720.250000,0.003391,3.812876,561,0,0.106556,5,0,0,129,0.458436,0.588858,0.801761,0.541564,33919.192129,810223.764554,4691705.989015,0.000000,0.000000,0.000000,38912143608.000839
-150,4300522296.000000,0.000053,0.956143,0.001050,0.008964,0.000000,0.001079,0.139441,0.875675,1.000000,0.681002,0.515844,0.256822,0.258160,0.581441,0.000121,0.407423,0.123998,0.000049,0.000046,0.043857,0.722098,0.447877,0.315828,0.017870|0.034107|0.496056|0.413494|0.021152|0.017857,0.179674,0.806102,0.166452,0.310429,0.867188,0.999698,0.689571,926602.000000,33323759.600000,0.132569,417.000000,1358.800000,0.065271,0.952200,0.801620,17,0.059649,1455.000000,4493.000000,0,2063191.875000,0.003367,4.165199,598,0,0.094304,3,3,0,151,0.460657,0.591200,0.801451,0.539343,43318.571631,826728.527431,4850162.082396,0.000000,0.000000,0.000000,39696583035.820335
-100,4319643850.000000,0.000089,0.962264,0.001034,0.009047,0.000000,0.000000,0.141458,0.881627,1.000000,0.686332,0.508902,0.257664,0.258860,0.580615,0.000123,0.409730,0.121338,0.000048,0.000046,0.037736,0.719286,0.449169,0.316670,0.017870|0.034360|0.500493|0.408699|0.021223|0.017857,0.181637,0.803909,0.165536,0.312578,0.878618,1.000000,0.687423,964947.000000,33943120.000000,0.128521,426.000000,1364.500000,0.065202,0.955250,0.819550,17,0.059441,1485.000000,4455.000000,0,2044709.000000,0.003340,4.105884,585,1,0.081504,7,5,0,135,0.462649,0.591723,0.804435,0.537351,42713.731607,840127.381854,4911599.067215,0.000000,0.000000,0.000000,39677437644.626091
-50,4289756435.000000,-0.000139,0.963451,0.001144,0.008944,0.000000,0.000978,0.142197,0.887055,1.000000,0.691711,0.503340,0.258744,0.258908,0.583881,0.000126,0.412002,0.123092,0.000049,0.000046,0.036549,0.718167,0.450910,0.318075,0.017871|0.034570|0.499449|0.409541|0.021234|0.017857,0.181647,0.803655,0.166303,0.313615,0.885868,1.000000,0.686385,986186.500000,35447147.500000,0.129048,445.500000,1400.000000,0.064759,0.953050,0.801250,15,0.052448,1502.500000,4360.000000,0,2051638.125000,0.003490,3.610034,645,2,0.078393,5,4,0,155,0.463035,0.593032,0.806440,0.536965,41737.985155,827557.092186,4840708.813206,0.000000,0.000000,0.000000,40126518681.048935
0,4260417168.000000,-0.000137,0.938715,0.002136,0.008828,0.000000,0.001699,0.140360,0.889459,1.000000,0.694406,0.531879,0.256991,0.259354,0.586507,0.000131,0.411207,0.122796,0.000050,0.000047,0.061285,0.716910,0.451752,0.318692,0.017871|0.034446|0.498911|0.410156|0.021377|0.017857,0.181888,0.803453,0.167090,0.314782,0.844304,0.956211,0.685218,960354.000000,34312014.600000,0.129908,428.000000,1397.600000,0.064357,0.952600,0.799400,15,0.051903,1505.000000,4380.000000,0,2017892.250000,0.003531,4.234047,637,1,0.130551,5,4,0,187,0.464191,0.586643,0.808579,0.535809,13612.085632,767053.137458,4502413.725711,0.000000,0.000000,0.000000,41360781418.772423
50,4274641884.000000,0.000067,0.910877,0.002954,0.008897,0.000000,0.001067,0.139252,0.897744,1.000000,0.693947,0.526074,0.256325,0.258734,0.594361,0.000122,0.410405,0.121945,0.000051,0.000048,0.089123,0.714951,0.451921,0.319086,0.017872|0.034508|0.497771|0.411348|0.021372|0.017857,0.181670,0.803615,0.168985,0.316603,0.798418,0.920404,0.683396,923643.000000,33285497.000000,0.130747,427.000000,1394.800000,0.064404,0.951750,0.809170,15,0.051370,1520.000000,4410.000000,0,2049904.875000,0.003469,3.832819,605,0,0.190484,7,3,0,188,0.465051,0.584958,0.811497,0.534949,6172.666422,741225.680464,4365392.533838,0.000000,0.000000,0.000000,42169309159.510529
100,4349648270.000000,0.000348,0.898391,0.003204,0.009025,0.000000,0.000000,0.139552,0.900878,1.000000,0.702801,0.535121,0.261249,0.260227,0.601835,0.000125,0.412637,0.122320,0.000051,0.000048,0.101609,0.711866,0.452258,0.319479,0.017873|0.034380|0.498825|0.410207|0.021364|0.017857,0.181365,0.803820,0.169976,0.319480,0.796841,0.898602,0.680520,930155.500000,35885718.900000,0.130757,425.000000,1401.600000,0.064351,0.960950,0.823040,15,0.051020,1502.500000,4460.000000,0,2028063.250000,0.003419,3.783862,603,1,0.220983,10,2,0,158,0.470038,0.584927,0.810951,0.529962,12516.569221,755386.754958,4470208.515833,0.000000,0.000000,0.000000,42827292466.480591
150,4376605719.000000,0.000124,0.881157,0.002987,0.008994,0.000701,0.001549,0.141521,0.907026,1.000000,0.696184,0.543292,0.257527,0.259531,0.590103,0.000121,0.412220,0.120415,0.000052,0.000049,0.118843,0.758285,0.453437,0.320714,0.017874|0.034242|0.500997|0.408198|0.021297|0.017857,0.181930,0.803444,0.171418,0.318288,0.748096,0.887976,0.681712,980085.000000,34085878.600000,0.129362,426.000000,1400.800000,0.064250,0.957200,0.815160,15,0.050847,1545.000000,4510.000000,2,2058107.000000,0.003441,3.970043,612,1,0.260065,6,4,0,175,0.466667,0.585050,0.813845,0.533333,7040.420165,747495.976213,4447463.781091,0.000000,0.000000,0.000000,43107683276.543945
200,4372479343.000000,-0.000019,0.910265,0.002584,0.008857,0.000700,0.000784,0.141701,0.916566,1.000000,0.697813,0.540129,0.261580,0.258888,0.602847,0.000118,0.412656,0.120568,0.000052,0.000048,0.089735,0.756979,0.454392,0.321388,0.017875|0.034492|0.502002|0.406978|0.021316|0.017857,0.181701,0.803618,0.171019,0.319436,0.793564,0.927849,0.680564,971756.000000,34433844.200000,0.127460,419.000000,1396.800000,0.064044,0.957800,0.810930,15,0.050000,1570.000000,4560.000000,2,2076024.500000,0.003440,3.796074,656,0,0.196183,6,6,0,168,0.463650,0.590609,0.812985,0.536350,18946.449198,773060.026355,4581326.894037,0.000000,0.000000,0.000000,46682455171.277771
250,4355994316.000000,-0.000076,0.908632,0.002688,0.008849,0.003150,0.000000,0.139796,0.929043,1.000000,0.698125,0.522737,0.262131,0.258998,0.599912,0.000116,0.412813,0.117961,0.000052,0.000049,0.091368,0.760918,0.454729,0.321276,0.017876|0.034922|0.498720|0.409843|0.021380|0.017857,0.180175,0.804959,0.169227,0.318556,0.800377,0.924311,0.681444,937344.000000,34857172.800000,0.129330,413.000000,1369.400000,0.063990,0.959200,0.816680,15,0.049505,1510.000000,4598.000000,9,2070118.750000,0.003472,3.948802,641,1,0.198998,9,3,0,181,0.463548,0.587922,0.810668,0.536452,23019.494744,768629.916728,4575223.835003,0.000000,0.000000,0.000000,47224528473.723564
300,4339887812.000000,-0.000074,0.882553,0.003470,0.008990,0.000701,0.001411,0.140624,0.937006,1.000000,0.690191,0.516427,0.259533,0.260547,0.586585,0.000121,0.410613,0.120055,0.000053,0.000050,0.117447,0.758361,0.455459,0.322343,0.017878|0.034666|0.500456|0.408555|0.021406|0.017857,0.180541,0.804647,0.176880,0.320796,0.772700,0.887074,0.679204,954255.000000,34916083.100000,0.129570,418.500000,1376.700000,0.063787,0.955050,0.808760,15,0.049669,1550.000000,4654.000000,2,2026102.500000,0.003464,3.914861,687,2,0.254853,3,1,0,184,0.464960,0.585846,0.811708,0.535040,9460.886475,737962.563058,4373394.873599,0.000000,0.000000,0.000000,47604209569.053497
350,4374817597.000000,0.000160,0.878352,0.003313,0.009028,0.000001,0.001999,0.140289,0.935908,1.000000,0.694718,0.540304,0.258145,0.260740,0.594411,0.000125,0.411442,0.119582,0.000053,0.000050,0.121648,0.757473,0.455853,0.322736,0.017879|0.034239|0.500959|0.408203|0.021356|0.017857,0.180173,0.805020,0.168857,0.321577,0.766152,0.875572,0.678423,897172.000000,32922744.200000,0.130756,408.000000,1303.800000,0.063638,0.956800,0.802820,15,0.048544,1555.000000,4662.000000,0,2039591.500000,0.003439,4.165010,662,0,0.266094,6,7,0,181,0.462221,0.584457,0.813454,0.537779,9243.705273,741325.108653,4422749.659822,0.000000,0.000000,0.000000,49462731367.801086
400,4401865040.000000,0.000123,0.901895,0.002699,0.008909,0.000700,0.001191,0.141599,0.951594,1.000000,0.695453,0.513960,0.258658,0.261001,0.610384,0.000120,0.411538,0.115875,0.000053,0.000051,0.098105,0.753945,0.456751,0.323635,0.017881|0.034545|0.502361|0.406544|0.021329|0.017857,0.180108,0.805077,0.167836,0.324057,0.767609,0.919478,0.675943,906890.000000,32730986.800000,0.131006,413.000000,1276.800000,0.063423,0.962000,0.803180,15,0.047923,1580.000000,4683.000000,2,2081349.625000,0.003435,3.982058,621,0,0.215922,6,4,0,156,0.466662,0.587489,0.814641,0.533338,33910.399854,778703.076924,4661798.630980,0.000000,0.000000,0.000000,50983660258.720078
450,4411576527.000000,0.000044,0.933613,0.001903,0.008808,0.001050,0.001448,0.135131,0.952413,1.000000,0.695552,0.538448,0.259948,0.264070,0.606443,0.000119,0.412400,0.120943,0.000051,0.000052,0.066387,0.736160,0.457650,0.324309,0.017883|0.034590|0.505386|0.403092|0.021523|0.017857,0.181071,0.803453,0.171249,0.325452,0.816603,0.969348,0.674548,864281.000000,34957778.800000,0.128093,408.000000,1272.600000,0.063255,0.963700,0.808700,14,0.044444,1560.000000,4599.000000,3,2080976.250000,0.003474,3.890154,634,0,0.146436,14,3,0,160,0.467562,0.594266,0.814510,0.532438,56540.058524,821038.341087,4868668.373598,0.000000,0.000000,0.000000,50864359402.743553
500,4373187364.000000,-0.000175,0.950211,0.001377,0.008918,0.000000,0.000000,0.135593,0.950085,1.000000,0.685305,0.510877,0.257101,0.265073,0.592316,0.000124,0.412048,0.119224,0.000052,0.000052,0.049789,0.723301,0.458380,0.324478,0.017886|0.034716|0.507695|0.400852|0.021406|0.017857,0.181273,0.803482,0.173464,0.323155,0.824374,1.000000,0.676845,871617.000000,35372961.200000,0.126408,400.000000,1264.200000,0.062972,0.960300,0.831280,14,0.043887,1530.000000,4583.000000,0,2061732.500000,0.003500,3.610002,634,0,0.108868,18,5,0,207,0.469967,0.599677,0.809411,0.530033,71167.837038,848666.694092,5034798.184804,0.000000,0.000000,0.000000,51582684762.241791
550,4320207837.000000,-0.000244,0.952856,0.001132,0.009030,0.000000,0.000000,0.137063,0.951028,1.000000,0.690783,0.498796,0.259262,0.261650,0.592666,0.000118,0.410555,0.118996,0.000054,0.000053,0.047144,0.711766,0.459054,0.325489,0.017888|0.035102|0.505356|0.402980|0.021315|0.017857,0.182493,0.802163,0.176194,0.324996,0.849932,1.000000,0.675004,884419.000000,33611060.000000,0.128065,398.000000,1260.000000,0.062906,0.961200,0.827700,14,0.043614,1570.000000,4600.000000,0,2069486.500000,0.003528,3.883132,660,0,0.101835,21,2,0,180,0.469064,0.595759,0.808355,0.530936,60458.970958,838433.346324,4931915.631195,0.000000,0.000000,0.000000,53012939396.671921
600,4307132617.000000,-0.000061,0.947153,0.001455,0.008948,0.000000,0.001316,0.135916,0.956925,1.000000,0.693412,0.531713,0.258899,0.263340,0.596726,0.000126,0.410880,0.117354,0.000054,0.000053,0.052847,0.721004,0.460514,0.328915,0.017892|0.035080|0.504649|0.403698|0.021364|0.017857,0.181008,0.803715,0.174636,0.322926,0.847394,0.991115,0.677074,874554.000000,33100734.400000,0.130576,398.000000,1293.000000,0.062443,0.956600,0.808180,14,0.043344,1520.000000,4649.000000,0,2049195.000000,0.003522,3.984161,706,3,0.113810,15,4,0,213,0.469044,0.594566,0.809945,0.530956,29375.902094,800492.193358,4719290.822142,0.000000,0.000000,0.000000,53320257687.960358
650,4347589161.000000,0.000187,0.950232,0.001673,0.008816,0.000000,0.000000,0.134308,0.978846,1.000000,0.691726,0.540342,0.260390,0.262381,0.595390,0.000120,0.413303,0.118373,0.000054,0.000053,0.049768,0.719893,0.462031,0.329477,0.017893|0.035129|0.505557|0.402622|0.021430|0.017857,0.180748,0.803809,0.177948,0.323953,0.847981,0.994039,0.676047,858711.500000,34160121.500000,0.128718,399.000000,1288.500000,0.062415,0.963350,0.841100,14,0.042945,1497.500000,4695.000000,0,2045568.375000,0.003471,4.251401,672,2,0.108184,15,4,0,182,0.471289,0.594655,0.808434,0.528711,35565.635754,838572.551302,4956860.523965,0.000000,0.000000,0.000000,56279223849.046936
700,4392964067.000000,0.000208,0.955154,0.001073,0.008861,0.000700,0.001565,0.136513,0.974119,1.000000,0.696722,0.534540,0.264134,0.264546,0.601570,0.000122,0.412117,0.117780,0.000054,0.000052,0.044846,0.711739,0.463267,0.330319,0.017893|0.034843|0.507182|0.401198|0.021510|0.017857,0.180710,0.803859,0.169614,0.323286,0.856335,1.000000,0.676714,879047.000000,33405166.400000,0.127596,398.000000,1284.000000,0.062059,0.962400,0.831240,14,0.042553,1500.000000,4745.000000,2,2092438.750000,0.003438,4.331962,701,0,0.098503,17,5,0,197,0.472569,0.597650,0.814883,0.527431,65391.299201,853266.703743,5092626.724525,0.000000,0.000000,0.000000,56128665420.842590
750,4392012790.000000,-0.000004,0.965280,0.001124,0.009003,0.000700,0.001450,0.137222,0.978217,1.000000,0.696843,0.548670,0.266643,0.265248,0.604877,0.000124,0.411210,0.119650,0.000054,0.000052,0.034720,0.706278,0.463660,0.331611,0.017895|0.034808|0.508233|0.400033|0.021603|0.017857,0.181594,0.802862,0.171144,0.328400,0.878443,1.000000,0.671600,910293.500000,32397224.000000,0.127801,400.500000,1263.600000,0.061690,0.961700,0.816870,14,0.042424,1512.500000,4795.000000,2,2076619.250000,0.003435,3.909435,693,1,0.076245,19,1,0,178,0.475604,0.599904,0.815138,0.524396,51971.991933,842044.298601,5020765.803213,0.000000,0.000000,0.000000,56533817761.729958
800,4326636012.000000,-0.000300,0.956017,0.001317,0.009010,0.000000,0.001845,0.138488,0.984946,1.000000,0.693398,0.526629,0.262252,0.265255,0.597442,0.000130,0.412149,0.119493,0.000057,0.000053,0.043983,0.713820,0.464334,0.332173,0.017897|0.035246|0.507282|0.400745|0.021599|0.017857,0.182490,0.802106,0.172863,0.326552,0.876547,1.000000,0.673448,881964.000000,32170709.800000,0.128796,401.000000,1256.000000,0.061391,0.961300,0.818600,14,0.042042,1540.000000,4836.000000,0,2074189.875000,0.003501,4.337598,704,0,0.095149,21,6,0,198,0.473961,0.597438,0.812008,0.526039,31056.654807,814973.741080,4803756.355512,0.000000,0.000000,0.000000,56792584834.196457
850,4294170976.000000,-0.000151,0.919413,0.001758,0.008866,0.000700,0.001290,0.138053,1.000000,1.000000,0.698888,0.540466,0.264059,0.265035,0.599026,0.000122,0.413027,0.116397,0.000057,0.000054,0.080587,0.711703,0.465682,0.332622,0.017900|0.034816|0.507149|0.401326|0.021656|0.017857,0.183282,0.801676,0.175373,0.328529,0.812272,0.933554,0.671471,895400.000000,31640385.200000,0.130552,400.000000,1256.000000,0.061188,0.963900,0.808000,14,0.042042,1565.000000,4886.000000,2,2036283.875000,0.003490,4.278557,750,0,0.173027,17,1,0,217,0.479005,0.591753,0.819059,0.520995,20920.098044,780685.854762,4629017.595418,0.000000,0.000000,0.000000,57084591542.936966
900,4330238700.000000,0.000167,0.914377,0.002660,0.008819,0.000000,0.000594,0.136465,1.000000,1.000000,0.700679,0.537959,0.263813,0.265215,0.598795,0.000128,0.413608,0.119830,0.000058,0.000054,0.085623,0.708822,0.466075,0.332285,0.017902|0.034897|0.506679|0.401460|0.021638|0.017857,0.182140,0.802389,0.175609,0.331228,0.819134,0.920811,0.668772,910508.000000,31469437.900000,0.130122,401.500000,1258.000000,0.061188,0.962850,0.812380,14,0.042169,1617.500000,4940.500000,0,2032930.000000,0.003443,3.927637,712,0,0.185384,18,0,0,192,0.482195,0.590489,0.817990,0.517805,5481.504881,748359.493849,4440088.801444,0.000000,0.000000,0.000000,56474708676.912361
950,4347345366.000000,0.000079,0.885325,0.002992,0.008937,0.000000,0.000372,0.134526,1.000000,1.000000,0.709520,0.538421,0.260884,0.267161,0.605536,0.000123,0.414073,0.119113,0.000059,0.000055,0.114675,0.707814,0.466412,0.332790,0.017902|0.035585|0.504922|0.402560|0.021685|0.017857,0.180076,0.804108,0.181476,0.332175,0.764959,0.891795,0.667825,934083.500000,32275254.500000,0.130011,401.500000,1258.000000,0.061177,0.965100,0.816190,14,0.042169,1602.500000,4990.500000,0,2038383.000000,0.003483,3.548158,677,1,0.249265,18,0,0,191,0.481384,0.591181,0.822825,0.518616,6473.521449,746120.963669,4425827.746611,0.000000,0.000000,0.000000,56723049422.722183
1000,4364956004.000000,0.000081,0.901616,0.003156,0.009016,0.000700,0.000404,0.135600,1.000000,1.000000,0.700148,0.541883,0.262306,0.273089,0.593791,0.000126,0.415419,0.122300,0.000058,0.000055,0.098384,0.704302,0.466581,0.332734,0.017904|0.035665|0.505381|0.402213|0.021512|0.017857,0.181607,0.802748,0.183960,0.335484,0.790671,0.911653,0.664516,926365.500000,32827664.200000,0.128979,409.500000,1258.000000,0.061149,0.967550,0.818720,14,0.042169,1630.000000,5040.500000,2,2052900.750000,0.003456,3.781419,705,0,0.214721,19,0,0,193,0.487442,0.591609,0.819219,0.512558,20287.038377,759626.433539,4514246.633740,0.000000,0.000000,0.000000,56969631739.091789
1050,4350766621.000000,-0.000065,0.909263,0.002414,0.008914,0.000700,0.000495,0.136038,1.000000,1.000000,0.698186,0.546158,0.268177,0.271707,0.595319,0.000123,0.416285,0.121568,0.000058,0.000055,0.090737,0.699436,0.467030,0.332566,0.017908|0.035523|0.504568|0.403080|0.021433|0.017857,0.181864,0.802519,0.186464,0.340090,0.799068,0.916660,0.659910,902771.500000,32047088.000000,0.128498,409.500000,1292.400000,0.061131,0.965800,0.814640,14,0.042169,1665.000000,5090.500000,2,2059289.375000,0.003486,4.012977,696,0,0.197388,18,0,0,191,0.487822,0.591421,0.822166,0.512178,18993.361574,769949.378946,4582294.676616,0.000000,0.000000,0.000000,57213546062.384163
1100,4341021798.000000,-0.000045,0.903791,0.003103,0.008807,0.000000,0.000812,0.135694,1.000000,1.000000,0.696532,0.549019,0.263039,0.269729,0.593254,0.000128,0.417891,0.122787,0.000060,0.000056,0.096209,0.697615,0.467704,0.331779,0.017906|0.035729|0.505080|0.402530|0.021510|0.017857,0.182136,0.802241,0.193711,0.341826,0.795099,0.910627,0.658174,910224.500000,31888909.200000,0.128594,409.500000,1292.400000,0.061094,0.962650,0.820730,14,0.042169,1715.000000,5140.500000,0,2031395.750000,0.003438,4.414023,672,0,0.208822,21,0,0,212,0.491558,0.591890,0.821815,0.508442,7258.408813,742376.407523,4413506.838385,0.000000,0.000000,0.000000,57457461740.325233
1150,4365250528.000000,0.000111,0.876222,0.003406,0.008883,0.000001,0.000692,0.135745,1.000000,1.000000,0.694398,0.543412,0.267631,0.269455,0.588757,0.000122,0.415493,0.122284,0.000061,0.000056,0.123778,0.696696,0.467760,0.331386,0.017907|0.035630|0.507807|0.399801|0.021419|0.017857,0.182166,0.802074,0.192673,0.342703,0.766884,0.880063,0.657296,914946.500000,31502420.600000,0.129416,409.500000,1292.400000,0.061075,0.961950,0.822020,14,0.042169,1747.500000,5190.500000,0,2051511.625000,0.003448,4.368207,692,0,0.270161,20,0,0,190,0.491514,0.590307,0.820397,0.508486,17332.751457,746517.661786,4462012.576316,0.000000,0.000000,0.000000,57700307214.173096
1200,4392517525.000000,0.000125,0.889181,0.003614,0.009015,0.000000,0.000672,0.137439,1.000000,1.000000,0.702709,0.553873,0.265962,0.272245,0.601879,0.000122,0.419155,0.123912,0.000060,0.000055,0.110819,0.693180,0.468546,0.330375,0.017910|0.035617|0.509244|0.398369|0.021522|0.017857,0.182315,0.801983,0.193369,0.346069,0.785758,0.891648,0.653931,947693.000000,32740471.900000,0.127325,409.500000,1292.400000,0.061019,0.966500,0.825270,14,0.042169,1755.000000,5240.500000,0,2081089.500000,0.003461,4.384826,686,0,0.243388,19,0,0,191,0.496703,0.592848,0.823612,0.503297,10718.586094,737135.387282,4414426.694943,0.000000,0.000000,0.000000,57944990759.656036
1250,4444720097.000000,0.000236,0.907785,0.002680,0.008983,0.000000,0.000876,0.138611,1.000000,1.000000,0.707135,0.557834,0.269103,0.275014,0.613409,0.000121,0.420687,0.125982,0.000060,0.000056,0.092215,0.691805,0.468771,0.329252,0.017913|0.035576|0.510281|0.397287|0.021559|0.017857,0.181869,0.802373,0.196642,0.347391,0.792921,0.921094,0.652609,971100.500000,32446774.700000,0.126452,409.500000,1296.900000,0.060987,0.967600,0.831590,14,0.042169,1775.000000,5290.500000,0,2042231.500000,0.003406,4.041419,638,0,0.204935,18,0,0,165,0.497778,0.598019,0.824514,0.502222,45141.161552,789749.596842,4792509.410746,0.000000,0.000000,0.000000,58189366890.667336
1300,4446765803.000000,0.000009,0.935913,0.001414,0.008855,0.000000,0.001271,0.140738,1.000000,1.000000,0.700578,0.545707,0.267974,0.274995,0.602286,0.000122,0.421773,0.126704,0.000062,0.000057,0.064087,0.688189,0.469445,0.330431,0.017917|0.035221|0.508600|0.399309|0.021412|0.017857,0.181270,0.803189,0.198512,0.350875,0.830023,0.973371,0.649125,940444.000000,32167464.000000,0.128869,413.000000,1301.000000,0.060968,0.966300,0.830000,14,0.042296,1830.000000,5345.000000,0,2081567.875000,0.003477,3.762135,705,0,0.142491,19,0,0,206,0.502606,0.599560,0.821317,0.497394,86756.802885,852871.080016,5181261.648120,0.000000,0.000000,0.000000,57365819656.907028
1350,4400080527.000000,-0.000211,0.952363,0.001657,0.008860,0.000000,0.001775,0.142028,1.000000,1.000000,0.698606,0.543607,0.267516,0.278247,0.598820,0.000126,0.421792,0.126918,0.000063,0.000057,0.047637,0.686302,0.469557,0.329533,0.017921|0.035319|0.507876|0.400436|0.021538|0.017857,0.183096,0.801877,0.203714,0.352703,0.850843,0.998722,0.647297,997646.000000,32524260.000000,0.128394,413.000000,1302.000000,0.060929,0.966800,0.827500,14,0.042296,1840.000000,5395.000000,0,2058603.250000,0.003434,4.191167,694,0,0.104804,22,0,0,215,0.505303,0.602747,0.819492,0.494697,54223.641881,809870.185561,4910628.199819,0.000000,0.000000,0.000000,57609431079.109848
1400,4390028553.000000,-0.000046,0.959127,0.001267,0.008998,0.000000,0.001277,0.141742,1.000000,1.000000,0.696398,0.529165,0.264424,0.276025,0.595276,0.000131,0.420342,0.126166,0.000065,0.000058,0.040873,0.683355,0.470456,0.330937,0.017921|0.035036|0.508837|0.399337|0.021503|0.017857,0.183153,0.801541,0.205030,0.355566,0.867495,1.000000,0.644434,918773.000000,32464775.000000,0.128030,413.000000,1302.000000,0.060797,0.963800,0.832400,14,0.042296,1885.000000,5445.000000,0,2055963.500000,0.003450,4.394179,682,0,0.089717,22,0,0,220,0.506532,0.600646,0.818580,0.493468,54847.884193,832104.698818,5017405.597193,0.000000,0.000000,0.000000,57853252256.981743
1450,4391638003.000000,0.000007,0.949233,0.001766,0.009035,0.000000,0.000869,0.140993,1.000000,1.000000,0.688568,0.519223,0.270252,0.277585,0.591560,0.000122,0.421399,0.126477,0.000068,0.000059,0.050767,0.679307,0.470512,0.330263,0.017924|0.035166|0.510258|0.397813|0.021436|0.017857,0.183592,0.800934,0.206159,0.359515,0.851551,0.977953,0.640485,912634.000000,32645420.000000,0.128922,413.000000,1302.000000,0.060797,0.963400,0.831700,14,0.042296,1935.000000,5495.000000,0,2043002.000000,0.003426,4.068868,656,0,0.111475,21,0,0,211,0.507371,0.599632,0.821750,0.492629,44042.325278,804773.115213,4850541.081812,0.000000,0.000000,0.000000,58094384535.015610
1500,4393438808.000000,0.000008,0.950381,0.001332,0.008910,0.000000,0.000742,0.142132,1.000000,1.000000,0.695351,0.536849,0.270157,0.278878,0.598826,0.000126,0.421810,0.127356,0.000067,0.000059,0.049619,0.677634,0.471242,0.330825,0.017925|0.035469|0.505694|0.402117|0.021460|0.017857,0.183564,0.800919,0.207718,0.361157,0.857286,0.986670,0.638843,982660.000000,32893800.000000,0.127769,421.000000,1302.000000,0.060686,0.967700,0.827500,14,0.042296,1935.000000,5545.000000,0,2057675.750000,0.003455,4.360571,675,1,0.109000,24,0,0,187,0.510038,0.601971,0.823997,0.489962,44001.763249,815911.689356,4909902.468325,0.000000,0.000000,0.000000,58334120661.079681
1550,4425988960.000000,0.000148,0.953114,0.001333,0.008841,0.000000,0.000984,0.144335,1.000000,1.000000,0.701541,0.543895,0.265969,0.279821,0.606446,0.000127,0.425073,0.128690,0.000067,0.000058,0.046886,0.673318,0.471355,0.330375,0.017923|0.035531|0.511361|0.396249|0.021451|0.017857,0.183441,0.800878,0.209875,0.365403,0.858386,1.000000,0.634597,937477.000000,32936432.000000,0.126508,421.000000,1302.000000,0.060632,0.971200,0.833400,14,0.042296,1955.000000,5595.000000,0,2064587.625000,0.003454,4.366859,665,2,0.103759,21,0,0,173,0.517687,0.607575,0.828318,0.482313,61364.510800,836705.527737,5115800.901649,0.000000,0.000000,0.000000,58570549600.697884
1600,4419522991.000000,-0.000029,0.960491,0.001048,0.008947,0.000000,0.000853,0.144263,1.000000,1.000000,0.698770,0.548394,0.267418,0.281753,0.597241,0.000127,0.426188,0.128050,0.000067,0.000059,0.039509,0.664564,0.471636,0.329533,0.017923|0.035169|0.509908|0.398329|0.021208|0.017857,0.183159,0.801588,0.212459,0.369491,0.869375,1.000000,0.630509,958393.000000,33111103.300000,0.126531,422.500000,1302.900000,0.060618,0.966450,0.833660,14,0.042424,1977.500000,5604.500000,0,2051744.375000,0.003441,4.388215,680,1,0.087305,25,0,0,193,0.519243,0.607663,0.827790,0.480757,67857.462731,845101.648150,5163116.817372,0.000000,0.000000,0.000000,58803313197.318459
1650,4396964028.000000,-0.000102,0.956884,0.001428,0.009052,0.000000,0.001306,0.144210,1.000000,1.000000,0.699982,0.546291,0.267626,0.280665,0.594701,0.000131,0.427847,0.128515,0.000069,0.000060,0.043116,0.661169,0.471636,0.328016,0.017922|0.035533|0.509794|0.397968|0.021375|0.017857,0.184318,0.800107,0.214467,0.372897,0.869536,0.995988,0.627103,943891.000000,31427295.900000,0.127428,422.500000,1302.900000,0.060610,0.965800,0.835690,14,0.042424,2012.500000,5654.500000,0,2072374.625000,0.003468,4.201346,669,0,0.094790,22,0,0,175,0.520027,0.606589,0.827702,0.479973,29066.807640,798371.524115,4858421.737375,0.000000,0.000000,0.000000,59040170929.789909
1700,4354453563.000000,-0.000194,0.922689,0.002146,0.008969,0.000700,0.001213,0.142357,1.000000,1.000000,0.694664,0.531764,0.271595,0.280707,0.590290,0.000124,0.426197,0.129115,0.000072,0.000065,0.077311,0.660484,0.471804,0.329196,0.017925|0.035621|0.508966|0.398604|0.021527|0.017857,0.185256,0.799029,0.215683,0.373588,0.833552,0.931094,0.626412,970247.500000,32022543.800000,0.126831,417.000000,1302.900000,0.060602,0.966850,0.835240,14,0.042424,2062.500000,5704.500000,2,2058624.250000,0.003464,4.554412,706,0,0.168323,26,0,0,213,0.522118,0.599712,0.828329,0.477882,10392.764558,767090.919416,4590123.092713,0.000000,0.000000,0.000000,59279148692.098869
1750,4325578653.000000,-0.000133,0.899715,0.003120,0.008812,0.000700,0.000851,0.135379,1.000000,1.000000,0.694633,0.539354,0.269684,0.281556,0.591718,0.000126,0.422961,0.129832,0.000072,0.000065,0.100285,0.658939,0.472141,0.329870,0.017923|0.035739|0.502392|0.405017|0.021584|0.017857,0.179518,0.804547,0.219354,0.375148,0.792753,0.906865,0.624853,999078.000000,32657990.800000,0.133191,422.500000,1302.900000,0.060555,0.965950,0.836600,14,0.042424,2060.000000,5754.500000,2,2042802.875000,0.003514,4.259882,700,0,0.216895,27,0,0,168,0.526155,0.595694,0.829697,0.473845,5449.559527,737295.408311,4404713.182702,0.000000,0.000000,0.000000,59517268060.320778
1800,4295292059.000000,-0.000141,0.893113,0.003303,0.008853,0.000000,0.000537,0.135806,1.000000,1.000000,0.700690,0.551877,0.269672,0.284436,0.595287,0.000125,0.425165,0.130586,0.000069,0.000061,0.106887,0.655937,0.472422,0.329589,0.017923|0.035975|0.496817|0.410450|0.021655|0.017857,0.178670,0.805370,0.224046,0.378185,0.790296,0.899450,0.621815,965493.500000,32245311.700000,0.132868,422.500000,1313.100000,0.060463,0.966350,0.840320,14,0.042424,1982.500000,5804.500000,0,2060194.750000,0.003553,4.067017,678,0,0.229555,33,0,0,167,0.527339,0.598353,0.831164,0.472661,7068.012920,719033.094879,4341408.316079,0.000000,0.000000,0.000000,59753033916.003265
1850,4292096595.000000,-0.000015,0.902781,0.002487,0.008992,0.000000,0.000762,0.135748,1.000000,1.000000,0.702298,0.552481,0.269309,0.285668,0.594192,0.000124,0.426934,0.132209,0.000067,0.000061,0.097219,0.655035,0.472703,0.328915,0.017922|0.036075|0.496728|0.409903|0.021823|0.017857,0.178327,0.805003,0.224588,0.379101,0.792605,0.911256,0.620899,979037.000000,33343488.200000,0.132341,422.500000,1313.100000,0.060453,0.966200,0.842120,14,0.042424,1947.500000,5854.500000,0,2046840.000000,0.003573,4.316371,673,1,0.208637,32,0,0,186,0.530588,0.600031,0.829023,0.469412,21823.195412,752903.044904,4552808.457448,0.000000,0.000000,0.000000,59986629915.909744
1900,4269300292.000000,-0.000107,0.905776,0.002493,0.008989,0.000000,0.001009,0.135059,1.000000,1.000000,0.688499,0.545281,0.271019,0.285269,0.587130,0.000131,0.427494,0.131821,0.000068,0.000062,0.094224,0.651901,0.472703,0.328578,0.017924|0.036197|0.493884|0.412391|0.021747|0.017857,0.177705,0.805218,0.226674,0.382291,0.787207,0.925270,0.617709,954860.000000,32905619.500000,0.134730,422.500000,1313.100000,0.060362,0.964650,0.843230,14,0.042424,1960.000000,5904.500000,0,2064527.875000,0.003603,4.090228,625,0,0.201136,32,0,0,179,0.534095,0.599545,0.828806,0.465905,18923.219270,742299.901759,4486917.154157,0.000000,0.000000,0.000000,60221996334.714302
1950,4272506896.000000,0.000015,0.889775,0.003397,0.008847,0.000000,0.001044,0.133783,1.000000,1.000000,0.690009,0.551985,0.270014,0.284602,0.579888,0.000124,0.426117,0.131959,0.000070,0.000063,0.110225,0.650105,0.472703,0.330488,0.017924|0.035901|0.495516|0.411298|0.021505|0.017857,0.177744,0.805599,0.229023,0.384127,0.783496,0.894500,0.615873,977222.000000,32677948.600000,0.134294,422.500000,1313.100000,0.060344,0.965650,0.845520,14,0.042424,1995.000000,5954.500000,0,2060043.750000,0.003530,4.490344,688,0,0.235468,33,0,0,208,0.535912,0.594861,0.829127,0.464088,7613.291290,713967.608952,4305462.017307,0.000000,0.000000,0.000000,60457317755.182663
2000,4301010077.000000,0.000133,0.880348,0.003884,0.008808,0.000001,0.001020,0.134199,1.000000,1.000000,0.694155,0.549748,0.273197,0.286771,0.587848,0.000130,0.426445,0.132520,0.000070,0.000063,0.119652,0.647165,0.472759,0.330319,0.017923|0.036011|0.496483|0.410226|0.021500|0.017857,0.178207,0.805175,0.231615,0.387143,0.772566,0.880967,0.612858,928449.500000,34305711.600000,0.133607,422.500000,1313.100000,0.060335,0.966950,0.852990,14,0.042424,2037.500000,6004.500000,0,2040989.000000,0.003544,4.353328,661,0,0.257311,34,0,0,176,0.539828,0.596677,0.829764,0.460172,6076.500855,697068.296344,4263713.682598,0.000000,0.000000,0.000000,60691104211.198257
2025,4310210610.000000,0.000085,0.970678,0.001140,0.008878,0.000000,0.001273,0.137679,1.000000,1.000000,0.697214,0.553672,0.271892,0.289703,0.600171,0.000128,0.429753,0.134022,0.000069,0.000062,0.029322,0.645967,0.472759,0.330038,0.017926|0.036027|0.497165|0.409510|0.021516|0.017857,0.177849,0.805523,0.232571,0.388377,0.897783,1.000000,0.611623,992961.500000,34647372.900000,0.133702,422.500000,1313.100000,0.060335,0.968200,0.845710,14,0.042424,2000.000000,6029.500000,0,2092708.500000,0.003544,4.260086,256,0,0.031596,19,0,0,68,0.540079,0.610665,0.827014,0.459921,43972.721819,801983.487796,4883785.459203,0.000000,0.000000,0.000000,60805131706.508369
